,game_str,play_id,at_bat,play_per_game,timestamp,player_position,event_code
31,1903_01_TeamNE_TeamA2,10,2.0,10,178820,6,2
64,1903_01_TeamNE_TeamA2,18,4.0,18,460212,6,2
108,1903_01_TeamNE_TeamA2,28,7.0,28,713652,6,2
148,1903_01_TeamNE_TeamA2,38,9.0,38,1092459,5,2
214,1903_01_TeamNE_TeamA2,58,13.0,58,1616896,6,2
271,1903_01_TeamNE_TeamA2,73,17.0,73,2190634,5,2
441,1903_01_TeamNE_TeamA2,117,29.0,117,3638082,6,2
453,1903_01_TeamNE_TeamA2,119,30.0,119,3794238,6,2
480,1903_01_TeamNE_TeamA2,124,32.0,124,3912312,4,2
585,1903_01_TeamNE_TeamA2,149,39.0,149,4904095,6,2
716,1903_01_TeamNE_TeamA2,185,47.0,185,6119948,4,2
777,1903_01_TeamNE_TeamA2,203,51.0,203,6590133,5,2
887,1903_01_TeamNE_TeamA2,230,60.0,231,7469914,4,2
1015,1903_01_TeamNE_TeamA2,260,68.0,261,8667386,4,2
1222,1903_01_TeamNE_TeamA2,318,81.0,319,10700815,5,2
1254,1903_01_TeamNE_TeamA2,326,84.0,327,10931419,5,2
1296,1903_16_TeamNI_TeamA3,12,3.0,12,248618,6,2
1357,1903_16_TeamNI_TeamA3,25,8.0,26,738168,6,2
1444,1903_16_TeamNI_TeamA3,46,15.0,47,1347618,4,2
1592,1903_16_TeamNI_TeamA3,82,25.0,83,2514968,5,2
1642,1903_16_TeamNI_TeamA3,96,28.0,97,2970318,6,2
1737,1903_16_TeamNI_TeamA3,121,35.0,122,3763018,3,2
1750,1903_16_TeamNI_TeamA3,124,36.0,125,3840368,3,2
1788,1903_16_TeamNI_TeamA3,132,39.0,133,4229468,5,2
1834,1903_16_TeamNI_TeamA3,141,42.0,142,4505668,6,2
1862,1903_16_TeamNI_TeamA3,147,44.0,148,4752518,4,2
1914,1903_16_TeamNI_TeamA3,162,47.0,163,5181518,5,2
1965,1903_16_TeamNI_TeamA3,177,50.0,178,5673418,4,2
2011,1903_16_TeamNI_TeamA3,188,53.0,189,5934318,6,2
2120,1903_16_TeamNI_TeamA3,219,59.0,220,6927268,4,2
2304,1903_16_TeamNI_TeamA3,268,70.0,269,8535571,6,2
2335,1903_16_TeamNI_TeamA3,276,73.0,277,8891321,6,2
2526,1902_02_TeamMG_TeamA3,43,10.0,43,1395969,3,2
2623,1902_02_TeamMG_TeamA3,68,17.0,68,2183769,4,2
2665,1902_02_TeamMG_TeamA3,79,20.0,79,2565169,6,2
2960,1902_02_TeamMG_TeamA3,161,38.0,161,5580619,6,2
3048,1902_02_TeamMG_TeamA3,185,44.0,185,6357469,4,2
3265,1902_02_TeamMG_TeamA3,249,57.0,249,8588669,5,2
3435,1902_02_TeamMG_TeamA3,296,68.0,296,10142219,4,2
3585,1902_02_TeamMG_TeamA3,337,78.0,337,11515119,5,2
3606,1902_02_TeamMG_TeamA3,341,80.0,341,11640569,4,2
3663,1902_02_TeamMG_TeamA3,354,84.0,354,12108669,4,2
3676,1902_02_TeamMG_TeamA3,356,85.0,356,12278719,4,2
3686,1902_02_TeamMG_TeamA3,358,86.0,358,12325369,5,2
3719,1903_08_TeamNJ_TeamB,4,1.0,4,80817,5,2
3808,1903_08_TeamNJ_TeamB,25,6.0,25,771367,6,2
3852,1903_08_TeamNJ_TeamB,37,9.0,37,1171817,4,2
3917,1903_08_TeamNJ_TeamB,54,13.0,55,1852267,4,2
3952,1903_08_TeamNJ_TeamB,64,15.0,65,2156517,6,2
4043,1903_08_TeamNJ_TeamB,90,23.0,91,3041067,5,2
4084,1903_08_TeamNJ_TeamB,101,27.0,102,3418567,4,2
4095,1903_08_TeamNJ_TeamB,103,28.0,104,3570417,6,2
4112,1903_08_TeamNJ_TeamB,107,29.0,108,3650617,4,2
4137,1903_08_TeamNJ_TeamB,111,32.0,112,3870567,5,2
4181,1903_08_TeamNJ_TeamB,124,36.0,125,4255267,5,2
4221,1903_08_TeamNJ_TeamB,133,39.0,134,4620267,6,2
4341,1903_08_TeamNJ_TeamB,162,49.0,163,5705067,5,2
4374,1903_08_TeamNJ_TeamB,171,52.0,172,6068717,3,2
4385,1903_08_TeamNJ_TeamB,173,53.0,174,6133517,4,2
4396,1903_08_TeamNJ_TeamB,175,54.0,176,6304617,4,2
4446,1903_08_TeamNJ_TeamB,190,57.0,191,6785667,6,2
4458,1903_08_TeamNJ_TeamB,192,58.0,193,6847767,6,2
4530,1903_08_TeamNJ_TeamB,213,65.0,214,7644017,5,2
4552,1903_08_TeamNJ_TeamB,218,66.0,219,7810767,6,2
4601,1903_08_TeamNJ_TeamB,232,70.0,233,8366817,6,2
4614,1903_08_TeamNJ_TeamB,234,71.0,235,8417417,6,2
5283,1900_08_TeamKL_TeamB,186,,186,6935640,5,2
5527,1900_08_TeamKL_TeamB,253,,253,9579580,6,2
5720,1903_23_TeamNA_TeamA1,26,4.0,26,673010,4,2
5793,1903_23_TeamNA_TeamA1,46,9.0,47,1232610,5,2
5870,1903_23_TeamNA_TeamA1,67,16.0,69,2019694,4,2
6046,1903_23_TeamNA_TeamA1,110,31.0,113,3544494,4,2
6069,1903_23_TeamNA_TeamA1,115,32.0,119,3672994,4,2
6101,1903_23_TeamNA_TeamA1,124,34.0,128,3935444,3,2
6138,1903_23_TeamNA_TeamA1,133,36.0,137,4245694,4,2
6164,1903_23_TeamNA_TeamA1,140,37.0,144,4398894,4,2
6363,1903_23_TeamNA_TeamA1,196,48.0,201,6198894,3,2
6392,1903_23_TeamNA_TeamA1,203,50.0,209,6437244,6,2
6453,1903_23_TeamNA_TeamA1,221,55.0,227,7021594,3,2
6571,1903_23_TeamNA_TeamA1,254,64.0,262,8029194,4,2
6634,1903_23_TeamNA_TeamA1,273,67.0,281,8582544,6,2
6710,1902_19_TeamME_TeamA2,23,4.0,23,533437,5,2
6717,1902_19_TeamME_TeamA2,24,5.0,24,742452,6,2
6857,1902_19_TeamME_TeamA2,62,13.0,62,2297752,4,2
7162,1902_19_TeamME_TeamA2,143,30.0,143,5017052,3,2
7199,1902_19_TeamME_TeamA2,154,32.0,154,5366502,6,2
7226,1902_19_TeamME_TeamA2,161,33.0,161,5536802,5,2
7290,1902_19_TeamME_TeamA2,179,38.0,179,6401652,3,2
7411,1902_19_TeamME_TeamA2,213,47.0,213,7574002,4,2
7485,1902_19_TeamME_TeamA2,235,52.0,235,8277102,4,2
7515,1902_19_TeamME_TeamA2,243,54.0,243,8572852,4,2
7586,1902_19_TeamME_TeamA2,261,,261,9284202,4,2
7660,1902_19_TeamME_TeamA2,280,64.0,280,9925402,4,2
7766,1901_08_TeamLK_TeamB,19,,19,487543,5,2
7925,1901_08_TeamLK_TeamB,62,,62,1878892,6,2
7955,1901_08_TeamLK_TeamB,69,,69,2190641,5,2
8017,1901_08_TeamLK_TeamB,84,,84,2802141,4,2
8084,1901_08_TeamLK_TeamB,102,,102,3319390,5,2
8118,1901_08_TeamLK_TeamB,111,,111,3585090,6,2
8141,1901_08_TeamLK_TeamB,117,,117,3867690,6,2
8229,1901_08_TeamLK_TeamB,139,,139,4690739,6,2
8246,1901_08_TeamLK_TeamB,143,,143,4910039,4,2
8280,1901_08_TeamLK_TeamB,150,,150,5120488,3,2
8308,1901_08_TeamLK_TeamB,158,,158,5456438,6,2
8407,1901_08_TeamLK_TeamB,184,,185,6573037,5,2
8441,1901_08_TeamLK_TeamB,193,,194,6959787,5,2
8472,1901_08_TeamLK_TeamB,200,,201,7304836,3,2
8646,1901_08_TeamLK_TeamB,248,,249,9217785,6,2
8963,1902_22_TeamMA_TeamA1,75,21.0,75,2638540,4,2
9000,1902_22_TeamMA_TeamA1,84,24.0,84,3054240,6,2
9056,1902_22_TeamMA_TeamA1,98,28.0,98,3442240,5,2
9084,1902_22_TeamMA_TeamA1,104,30.0,104,3681740,4,2
9256,1902_22_TeamMA_TeamA1,151,42.0,151,5418140,3,2
9271,1902_22_TeamMA_TeamA1,155,44.0,155,5519840,4,2
9282,1902_22_TeamMA_TeamA1,157,45.0,157,5679790,5,2
9307,1902_22_TeamMA_TeamA1,161,47.0,161,5780040,4,2
9322,1902_22_TeamMA_TeamA1,164,48.0,164,5859040,6,2
9384,1902_22_TeamMA_TeamA1,182,52.0,182,6391390,6,2
9398,1902_22_TeamMA_TeamA1,185,53.0,185,6473090,6,2
9431,1902_22_TeamMA_TeamA1,193,55.0,193,6793790,6,2
9441,1902_22_TeamMA_TeamA1,195,56.0,195,6840940,5,2
9475,1902_22_TeamMA_TeamA1,202,59.0,202,7133590,5,2
9546,1902_22_TeamMA_TeamA1,218,64.0,218,7806040,5,2
9574,1902_22_TeamMA_TeamA1,226,66.0,226,8113090,3,2
9661,1902_22_TeamMA_TeamA1,249,73.0,249,8903090,4,2
9762,1902_12_TeamMI_TeamA3,13,4.0,13,302654,6,2
9799,1902_12_TeamMI_TeamA3,24,7.0,24,663354,3,2
9930,1902_12_TeamMI_TeamA3,57,16.0,57,1841804,5,2
10230,1902_12_TeamMI_TeamA3,138,37.0,138,4692704,6,2
10354,1902_12_TeamMI_TeamA3,174,45.0,174,6078454,5,2
10370,1902_12_TeamMI_TeamA3,178,46.0,178,6289504,3,2
10458,1902_12_TeamMI_TeamA3,196,53.0,196,7125554,5,2
10499,1902_12_TeamMI_TeamA3,208,55.0,208,7442804,4,2
10651,1902_12_TeamMI_TeamA3,249,65.0,249,8966204,6,2
10692,1902_12_TeamMI_TeamA3,260,68.0,260,9358454,6,2
10717,1902_12_TeamMI_TeamA3,266,71.0,266,9669204,5,2
10764,1903_11_TeamNC_TeamA1,13,4.0,13,394300,3,2
10930,1903_11_TeamNC_TeamA1,52,16.0,52,1707650,4,2
10958,1903_11_TeamNC_TeamA1,59,18.0,59,1991100,6,2
10971,1903_11_TeamNC_TeamA1,61,19.0,61,2061950,5,2
11078,1903_11_TeamNC_TeamA1,90,25.0,90,2970250,4,2
11111,1903_11_TeamNC_TeamA1,98,28.0,99,8602086,4,2
11140,1903_11_TeamNC_TeamA1,103,30.0,104,8842286,4,2
11168,1903_11_TeamNC_TeamA1,110,32.0,111,9098486,4,2
11315,1903_11_TeamNC_TeamA1,139,40.0,140,10109036,3,2
11474,1903_11_TeamNC_TeamA1,178,53.0,179,11355186,5,2
11507,1903_11_TeamNC_TeamA1,188,56.0,189,11732336,5,2
11534,1903_11_TeamNC_TeamA1,193,58.0,194,11956536,4,2
11572,1903_11_TeamNC_TeamA1,200,61.0,201,12241436,4,2
11610,1903_11_TeamNC_TeamA1,207,64.0,208,12560786,3,2
11700,1903_11_TeamNC_TeamA1,231,72.0,233,13505136,5,2
11734,1903_11_TeamNC_TeamA1,240,74.0,242,13678686,3,2
11751,1903_11_TeamNC_TeamA1,244,75.0,246,13859586,4,2
11830,1903_11_TeamNC_TeamA1,259,82.0,261,14537736,4,2
11848,1903_11_TeamNC_TeamA1,263,84.0,265,14625086,5,2
11858,1903_11_TeamNC_TeamA1,264,85.0,266,14748836,6,2
11894,1900_07_TeamKL_TeamB,8,,8,155650,6,2
11907,1900_07_TeamKL_TeamB,11,,11,208953,6,2
11924,1900_07_TeamKL_TeamB,15,,15,403584,6,2
11948,1900_07_TeamKL_TeamB,21,,21,515141,4,2
12160,1900_07_TeamKL_TeamB,83,,83,2366992,6,2
12329,1900_07_TeamKL_TeamB,127,,127,4015861,4,2
12338,1900_07_TeamKL_TeamB,128,,128,4050616,5,2
12352,1900_07_TeamKL_TeamB,131,,131,4142370,4,2
12365,1900_07_TeamKL_TeamB,134,,134,4316406,5,2
12375,1900_07_TeamKL_TeamB,136,,136,4362052,3,2
12437,1900_07_TeamKL_TeamB,154,,154,5032484,4,2
12449,1900_07_TeamKL_TeamB,156,,156,5192592,5,2
12535,1900_07_TeamKL_TeamB,179,,179,6210469,3,2
12553,1900_07_TeamKL_TeamB,184,,184,6425299,3,2
12558,1900_07_TeamKL_TeamB,185,,185,6462034,6,2
12683,1902_13_TeamMD_TeamA2,17,5.0,17,614130,4,2
12691,1902_13_TeamMD_TeamA2,18,6.0,18,644180,5,2
12708,1902_13_TeamMD_TeamA2,20,8.0,20,758330,4,2
12745,1902_13_TeamMD_TeamA2,28,12.0,28,1102230,6,2
12801,1902_13_TeamMD_TeamA2,38,15.0,38,1476980,3,2
12835,1902_13_TeamMD_TeamA2,44,17.0,44,1677130,6,2
12993,1902_13_TeamMD_TeamA2,88,28.0,88,3238830,5,2
13008,1902_13_TeamMD_TeamA2,91,29.0,91,3322080,4,2
13063,1902_13_TeamMD_TeamA2,106,32.0,106,3762980,6,2
13072,1902_13_TeamMD_TeamA2,108,33.0,108,3926230,5,2
13301,1902_13_TeamMD_TeamA2,172,47.0,172,6043830,4,2
13566,1902_13_TeamMD_TeamA2,248,67.0,248,8690130,6,2
13619,1902_13_TeamMD_TeamA2,264,70.0,264,9060530,6,2
13659,1902_13_TeamMD_TeamA2,271,73.0,271,9380280,6,2
13839,1902_13_TeamMD_TeamA2,318,84.0,318,11166830,6,2
13883,1903_17_TeamNI_TeamA3,6,1.0,6,83769,6,2
14007,1903_17_TeamNI_TeamA3,43,12.0,43,1425383,4,2
14035,1903_17_TeamNI_TeamA3,50,14.0,50,1703233,4,2
14074,1903_17_TeamNI_TeamA3,59,17.0,59,1963183,4,2
14140,1903_17_TeamNI_TeamA3,76,22.0,76,2522783,3,2
14168,1903_17_TeamNI_TeamA3,84,23.0,84,2835933,4,2
14223,1903_17_TeamNI_TeamA3,98,29.0,98,3511663,5,2
14262,1903_17_TeamNI_TeamA3,109,32.0,109,3965213,4,2
14288,1903_17_TeamNI_TeamA3,114,34.0,114,4204413,4,2
14322,1903_17_TeamNI_TeamA3,121,36.0,121,4486863,4,2
14365,1903_17_TeamNI_TeamA3,130,38.0,130,4683163,6,2
14419,1903_17_TeamNI_TeamA3,138,41.0,138,4948363,4,2
14562,1903_17_TeamNI_TeamA3,173,51.0,173,6139413,3,2
14613,1903_17_TeamNI_TeamA3,188,55.0,188,6768713,6,2
14635,1903_17_TeamNI_TeamA3,193,57.0,193,6971113,4,2
14670,1903_17_TeamNI_TeamA3,203,59.0,203,7281663,6,2
14751,1903_17_TeamNI_TeamA3,228,63.0,228,7994513,6,2
14777,1903_17_TeamNI_TeamA3,235,65.0,235,8244963,4,2
14788,1903_17_TeamNI_TeamA3,237,66.0,237,8289863,5,2
14848,1903_17_TeamNI_TeamA3,255,71.0,255,8956157,5,2
14874,1903_27_TeamNK_TeamB,3,2.0,3,92870,6,2
14990,1903_27_TeamNK_TeamB,26,8.0,26,906439,6,2
15101,1903_27_TeamNK_TeamB,55,15.0,55,2061922,5,2
15276,1903_27_TeamNK_TeamB,102,32.0,102,3981198,4,2
15347,1903_27_TeamNK_TeamB,123,37.0,123,4657112,6,2
15405,1903_27_TeamNK_TeamB,135,41.0,135,5029913,4,2
15423,1903_27_TeamNK_TeamB,139,42.0,139,5216825,4,2
15657,1903_27_TeamNK_TeamB,192,60.0,192,7109052,6,2
15851,1903_27_TeamNK_TeamB,247,74.0,247,9061730,6,2
15948,1903_27_TeamNK_TeamB,273,81.0,273,10025925,4,2
15993,1901_12_TeamLJ_TeamB,9,,9,168214,6,2
16038,1901_12_TeamLJ_TeamB,23,,23,562813,3,2
16164,1901_12_TeamLJ_TeamB,58,,58,2049345,5,2
16247,1901_12_TeamLJ_TeamB,83,,83,2773894,6,2
16301,1901_12_TeamLJ_TeamB,96,,96,3213294,5,2
16360,1901_12_TeamLJ_TeamB,110,,110,3743643,3,2
16395,1901_12_TeamLJ_TeamB,117,,117,4065443,6,2
16478,1901_12_TeamLJ_TeamB,139,,139,4809642,4,2
16521,1901_12_TeamLJ_TeamB,149,,149,5151842,5,2
16547,1901_12_TeamLJ_TeamB,156,,156,5438892,5,2
16741,1901_12_TeamLJ_TeamB,210,,210,7169540,4,2
16932,1901_12_TeamLJ_TeamB,263,,263,9125188,6,2
16953,1901_12_TeamLJ_TeamB,268,,268,9244738,4,2
16960,1901_12_TeamLJ_TeamB,269,,269,9284038,4,2
17021,1902_03_TeamMG_TeamA3,15,4.0,15,472346,4,2
17029,1902_03_TeamMG_TeamA3,16,5.0,16,624946,6,2
17063,1902_03_TeamMG_TeamA3,24,7.0,24,803246,5,2
17089,1902_03_TeamMG_TeamA3,28,9.0,28,963296,3,2
17175,1902_03_TeamMG_TeamA3,53,15.0,53,1787396,5,2
17347,1902_03_TeamMG_TeamA3,99,,99,3187846,5,2
17362,1902_03_TeamMG_TeamA3,102,28.0,102,3266446,5,2
17386,1902_03_TeamMG_TeamA3,106,30.0,106,3475846,6,2
17445,1902_03_TeamMG_TeamA3,122,33.0,122,3956746,6,2
17461,1902_03_TeamMG_TeamA3,126,34.0,126,4139546,5,2
17508,1902_03_TeamMG_TeamA3,137,37.0,137,4453346,4,2
17545,1902_03_TeamMG_TeamA3,146,40.0,146,4773946,3,2
17885,1902_03_TeamMG_TeamA3,230,60.0,230,8069196,4,2
17938,1902_03_TeamMG_TeamA3,242,64.0,242,8642046,6,2
18235,1902_03_TeamMG_TeamA3,321,80.0,321,11555296,4,2
18386,1900_09_TeamKK_TeamB,35,,35,1156925,6,2
18445,1900_09_TeamKK_TeamB,53,,53,1719729,5,2
18580,1900_09_TeamKK_TeamB,91,,94,3299056,5,2
18624,1900_09_TeamKK_TeamB,102,,105,3616136,6,2
18753,1900_09_TeamKK_TeamB,137,,140,4841978,3,2
18833,1900_09_TeamKK_TeamB,160,,163,5970522,4,2
18868,1900_09_TeamKK_TeamB,170,,173,6324832,4,2
19248,1901_01_TeamLG_TeamA3,21,,21,681576,6,2
19269,1901_01_TeamLG_TeamA3,26,,26,906226,6,2
19280,1901_01_TeamLG_TeamA3,28,,28,957476,4,2
19334,1901_01_TeamLG_TeamA3,41,,41,1381026,6,2
19347,1901_01_TeamLG_TeamA3,43,,43,1560925,6,2
19454,1901_01_TeamLG_TeamA3,72,,72,2383675,6,2
19539,1901_01_TeamLG_TeamA3,95,,95,3086924,6,2
19570,1901_01_TeamLG_TeamA3,103,,103,3386574,5,2
19625,1901_01_TeamLG_TeamA3,119,,119,3833673,5,2
19802,1901_01_TeamLG_TeamA3,167,,167,5564072,3,2
19835,1901_01_TeamLG_TeamA3,176,,176,5883571,6,2
20003,1901_01_TeamLG_TeamA3,223,,223,7346520,6,2
20053,1901_01_TeamLG_TeamA3,235,,235,7810681,5,2
20087,1901_01_TeamLG_TeamA3,241,,241,7985631,4,2
20157,1900_03_TeamKJ_TeamB,8,,8,181277,5,2
20593,1900_03_TeamKJ_TeamB,137,,137,5629596,3,2
20887,1903_22_TeamNA_TeamA1,4,2.0,4,69313,4,2
20963,1903_22_TeamNA_TeamA1,20,6.0,20,555513,4,2
21086,1903_22_TeamNA_TeamA1,52,14.0,52,1446613,6,2
21174,1903_22_TeamNA_TeamA1,75,18.0,76,1998113,3,2
21180,1903_22_TeamNA_TeamA1,76,19.0,77,2148513,4,2
21319,1903_22_TeamNA_TeamA1,113,29.0,114,3150663,4,2
21403,1903_22_TeamNA_TeamA1,135,34.0,136,3826313,4,2
21479,1903_22_TeamNA_TeamA1,152,41.0,153,4393813,6,2
21748,1903_22_TeamNA_TeamA1,225,58.0,226,6869513,4,2
21819,1903_22_TeamNA_TeamA1,246,63.0,247,7651663,4,2
21851,1903_22_TeamNA_TeamA1,251,65.0,252,7818413,4,2
21906,1902_16_TeamMD_TeamA2,3,1.0,3,78956,3,2
21977,1902_16_TeamMD_TeamA2,24,6.0,24,676856,4,2
22027,1902_16_TeamMD_TeamA2,35,11.0,35,1127273,6,2
22040,1902_16_TeamMD_TeamA2,37,12.0,37,1303473,3,2
22184,1902_16_TeamMD_TeamA2,77,19.0,77,2525967,6,2
22201,1902_16_TeamMD_TeamA2,80,20.0,80,2651051,3,2
22214,1902_16_TeamMD_TeamA2,83,22.0,83,2836051,4,2
22222,1902_16_TeamMD_TeamA2,84,23.0,84,2869101,6,2
22245,1902_16_TeamMD_TeamA2,90,25.0,90,3121801,6,2
22324,1902_16_TeamMD_TeamA2,112,31.0,112,3866966,6,2
22341,1902_16_TeamMD_TeamA2,116,32.0,116,4067116,3,2
22381,1902_16_TeamMD_TeamA2,127,35.0,127,4431516,4,2
22398,1902_16_TeamMD_TeamA2,131,36.0,131,4536066,5,2
22455,1902_16_TeamMD_TeamA2,146,38.0,146,4924366,4,2
22468,1902_16_TeamMD_TeamA2,149,39.0,149,5099566,5,2
22551,1902_16_TeamMD_TeamA2,173,45.0,173,5782066,3,2
22574,1902_16_TeamMD_TeamA2,179,46.0,179,6037366,4,2
22609,1902_16_TeamMD_TeamA2,187,49.0,187,6275316,3,2
22618,1902_16_TeamMD_TeamA2,189,50.0,189,6444566,6,2
22673,1902_16_TeamMD_TeamA2,205,54.0,205,7178716,5,2
22779,1902_16_TeamMD_TeamA2,237,61.0,237,8240616,5,2
22813,1902_16_TeamMD_TeamA2,244,64.0,244,8487316,5,2
22903,1903_32_TeamNB_TeamA1,3,2.0,3,47938,4,2
22977,1903_32_TeamNB_TeamA1,18,8.0,18,498288,5,2
23036,1903_32_TeamNB_TeamA1,35,12.0,36,923388,6,2
23050,1903_32_TeamNB_TeamA1,38,13.0,39,1076388,3,2
23056,1903_32_TeamNB_TeamA1,39,14.0,40,1105038,5,2
23071,1903_32_TeamNB_TeamA1,42,15.0,43,1168138,6,2
23120,1903_32_TeamNB_TeamA1,54,20.0,56,1673138,4,2
23136,1903_32_TeamNB_TeamA1,58,21.0,60,1744938,6,2
23200,1903_32_TeamNB_TeamA1,74,24.0,76,2152038,5,2
23211,1903_32_TeamNB_TeamA1,76,25.0,78,2310238,5,2
23228,1903_32_TeamNB_TeamA1,80,28.0,83,2574477,6,2
23246,1903_32_TeamNB_TeamA1,84,29.0,87,2652227,4,2
23310,1903_32_TeamNB_TeamA1,101,35.0,104,3230977,3,2
23419,1903_32_TeamNB_TeamA1,129,44.0,132,4168777,3,2
23436,1903_32_TeamNB_TeamA1,132,46.0,135,4348927,5,2
23447,1903_32_TeamNB_TeamA1,134,47.0,137,4406327,6,2
23493,1903_32_TeamNB_TeamA1,144,50.0,147,4757977,6,2
23562,1903_32_TeamNB_TeamA1,165,54.0,169,5395327,4,2
23591,1901_07_TeamLK_TeamB,6,,7,118254,6,2
23641,1901_07_TeamLK_TeamB,18,,19,539504,4,2
23670,1901_07_TeamLK_TeamB,24,,26,815953,4,2
23718,1901_07_TeamLK_TeamB,38,,40,1207903,6,2
23778,1901_07_TeamLK_TeamB,53,,55,1678453,5,2
23787,1901_07_TeamLK_TeamB,54,,56,1717003,4,2
23830,1901_07_TeamLK_TeamB,66,,68,2238852,5,2
23910,1901_07_TeamLK_TeamB,91,,93,3099301,5,2
24045,1901_07_TeamLK_TeamB,125,,127,4367450,5,2
24067,1901_07_TeamLK_TeamB,131,,133,4602950,5,2
24157,1901_07_TeamLK_TeamB,154,,156,5575399,5,2
24194,1901_07_TeamLK_TeamB,164,,166,5984998,5,2
24259,1901_07_TeamLK_TeamB,182,,184,6642798,5,2
24300,1901_07_TeamLK_TeamB,192,,194,6986048,5,2
24314,1901_07_TeamLK_TeamB,194,,196,7166647,6,2
24502,1901_07_TeamLK_TeamB,248,,250,9296745,4,2
24507,1901_07_TeamLK_TeamB,249,,251,9380895,4,2
24522,1902_23_TeamMA_TeamA1,3,1.0,3,42588,4,2
24536,1902_23_TeamMA_TeamA1,6,2.0,6,104788,4,2
24623,1902_23_TeamMA_TeamA1,31,7.0,31,883088,6,2
24660,1902_23_TeamMA_TeamA1,39,10.0,39,1212338,6,2
24838,1902_23_TeamMA_TeamA1,87,22.0,87,2792638,6,2
24868,1902_23_TeamMA_TeamA1,95,24.0,95,3047038,5,2
24991,1902_23_TeamMA_TeamA1,130,36.0,130,4377088,4,2
25003,1902_23_TeamMA_TeamA1,132,37.0,132,4425038,6,2
25024,1902_23_TeamMA_TeamA1,138,38.0,138,4566788,4,2
25046,1902_23_TeamMA_TeamA1,143,39.0,143,4846088,3,2
25078,1902_23_TeamMA_TeamA1,152,41.0,152,5080488,6,2
25150,1902_23_TeamMA_TeamA1,172,45.0,172,5874888,4,2
25287,1902_23_TeamMA_TeamA1,211,54.0,211,7425738,4,2
25324,1902_23_TeamMA_TeamA1,221,55.0,221,7739388,4,2
25332,1902_23_TeamMA_TeamA1,222,56.0,222,8083288,4,2
25424,1902_23_TeamMA_TeamA1,247,64.0,247,9063738,4,2
25444,1902_23_TeamMA_TeamA1,252,65.0,252,9200438,6,2
25460,1902_23_TeamMA_TeamA1,255,66.0,255,9313938,4,2
25538,1902_23_TeamMA_TeamA1,273,72.0,273,10095738,6,2
25684,1902_15_TeamMK_TeamB,24,8.0,24,780964,4,2
25742,1902_15_TeamMK_TeamB,40,11.0,40,1207214,5,2
25760,1902_15_TeamMK_TeamB,44,12.0,44,1298764,4,2
25771,1902_15_TeamMK_TeamB,47,13.0,47,1398764,5,2
25796,1902_15_TeamMK_TeamB,53,14.0,53,1544364,4,2
25939,1902_15_TeamMK_TeamB,93,23.0,93,3026014,4,2
25969,1902_15_TeamMK_TeamB,99,26.0,99,3219614,5,2
26066,1902_15_TeamMK_TeamB,127,35.0,127,4211914,5,2
26093,1902_15_TeamMK_TeamB,132,37.0,132,4433964,4,2
26302,1902_15_TeamMK_TeamB,183,49.0,183,6143364,4,2
26336,1902_15_TeamMK_TeamB,191,51.0,191,6487664,4,2
26403,1902_15_TeamMK_TeamB,209,55.0,209,7206914,6,2
26425,1902_15_TeamMK_TeamB,215,56.0,215,7431464,3,2
26571,1902_15_TeamMK_TeamB,257,69.0,257,8903064,4,2
26588,1902_15_TeamMK_TeamB,261,70.0,261,9171114,4,2
26762,1902_04_TeamML_TeamB,15,5.0,15,396834,4,2
26847,1902_04_TeamML_TeamB,39,10.0,39,975934,4,2
26855,1902_04_TeamML_TeamB,40,11.0,40,1116034,6,2
26871,1902_04_TeamML_TeamB,43,12.0,43,1175784,5,2
26906,1902_04_TeamML_TeamB,53,,53,1443334,5,2
27070,1902_04_TeamML_TeamB,93,25.0,93,2821484,5,2
27111,1902_04_TeamML_TeamB,104,30.0,104,3273334,6,2
27133,1902_04_TeamML_TeamB,109,31.0,109,3378234,6,2
27140,1902_04_TeamML_TeamB,110,32.0,110,3524684,5,2
27253,1902_04_TeamML_TeamB,135,40.0,135,4329834,6,2
27275,1902_04_TeamML_TeamB,140,41.0,140,4448084,6,2
27339,1902_04_TeamML_TeamB,158,48.0,158,5183034,6,2
27364,1902_04_TeamML_TeamB,165,50.0,165,5316434,4,2
27453,1902_04_TeamML_TeamB,187,54.0,187,5952884,4,2
27464,1902_04_TeamML_TeamB,189,55.0,189,6017634,4,2
27482,1902_04_TeamML_TeamB,192,56.0,192,6102134,5,2
27532,1902_04_TeamML_TeamB,205,60.0,205,6774484,6,2
27592,1902_04_TeamML_TeamB,220,64.0,220,7256384,4,2
27733,1902_04_TeamML_TeamB,255,73.0,255,8435334,5,2
27799,1902_04_TeamML_TeamB,275,78.0,275,9161884,3,2
27951,1903_24_TeamNA_TeamA1,10,5.0,10,393969,3,2
28149,1903_24_TeamNA_TeamA1,60,18.0,60,1816569,4,2
28167,1903_24_TeamNA_TeamA1,64,19.0,64,2009669,5,2
28299,1903_24_TeamNA_TeamA1,98,26.0,98,3002769,4,2
28341,1903_24_TeamNA_TeamA1,108,30.0,108,3339019,4,2
28407,1903_24_TeamNA_TeamA1,123,35.0,123,3893419,6,2
28471,1903_24_TeamNA_TeamA1,142,39.0,142,4482669,4,2
28492,1903_24_TeamNA_TeamA1,147,40.0,147,4579019,4,2
28500,1903_24_TeamNA_TeamA1,148,41.0,148,4610019,3,2
28531,1903_24_TeamNA_TeamA1,156,43.0,156,4904269,5,2
28574,1903_24_TeamNA_TeamA1,164,46.0,164,5208719,5,2
28594,1903_24_TeamNA_TeamA1,168,48.0,168,5414869,5,2
28734,1903_24_TeamNA_TeamA1,203,59.0,203,6643619,3,2
28748,1903_24_TeamNA_TeamA1,206,60.0,206,6708519,3,2
28754,1903_24_TeamNA_TeamA1,207,61.0,207,6741969,5,2
28818,1903_03_TeamNE_TeamA2,3,1.0,3,28528,3,2
28871,1903_03_TeamNE_TeamA2,19,4.0,19,370328,6,2
28890,1903_03_TeamNE_TeamA2,23,6.0,23,579528,3,2
28932,1903_03_TeamNE_TeamA2,33,9.0,33,893028,3,2
28951,1903_03_TeamNE_TeamA2,36,11.0,36,985678,6,2
29006,1903_03_TeamNE_TeamA2,52,14.0,52,1381528,6,2
29020,1903_03_TeamNE_TeamA2,55,15.0,55,1433078,4,2
29058,1903_03_TeamNE_TeamA2,62,18.0,62,1729028,4,2
29160,1903_03_TeamNE_TeamA2,90,25.0,91,2604678,5,2
29168,1903_03_TeamNE_TeamA2,91,26.0,92,2638078,3,2
29187,1903_03_TeamNE_TeamA2,96,27.0,97,2731578,6,2
29298,1903_03_TeamNE_TeamA2,128,34.0,129,3630978,5,2
29373,1903_03_TeamNE_TeamA2,148,39.0,149,4335328,4,2
29382,1903_03_TeamNE_TeamA2,149,40.0,150,4492378,3,2
29456,1903_03_TeamNE_TeamA2,166,45.0,167,5037728,6,2
29482,1903_03_TeamNE_TeamA2,173,47.0,174,5189178,5,2
29497,1903_03_TeamNE_TeamA2,176,48.0,177,5363678,4,2
29533,1903_03_TeamNE_TeamA2,186,51.0,187,5609578,5,2
29635,1903_03_TeamNE_TeamA2,214,57.0,215,6773428,5,2
29692,1903_03_TeamNE_TeamA2,231,62.0,232,7385728,5,2
29736,1903_03_TeamNE_TeamA2,243,64.0,244,7762578,3,2
29792,1903_03_TeamNE_TeamA2,260,68.0,261,8268278,3,2
29848,1903_03_TeamNE_TeamA2,274,73.0,275,8860378,6,2
29916,1903_03_TeamNE_TeamA2,289,79.0,291,9681378,6,2
29948,1903_03_TeamNE_TeamA2,296,80.0,298,9901878,3,2
29972,1903_12_TeamNC_TeamA1,6,2.0,6,160548,3,2
30034,1903_12_TeamNC_TeamA1,24,6.0,24,744698,4,2
30081,1903_12_TeamNC_TeamA1,35,8.0,35,1072848,5,2
30113,1903_12_TeamNC_TeamA1,44,10.0,44,1357598,4,2
30127,1903_12_TeamNC_TeamA1,48,11.0,48,1552548,3,2
30183,1903_12_TeamNC_TeamA1,63,15.0,63,2040104,5,2
30191,1903_12_TeamNC_TeamA1,64,16.0,64,2084054,6,2
30255,1903_12_TeamNC_TeamA1,81,20.0,81,2625554,4,2
30288,1903_12_TeamNC_TeamA1,90,22.0,90,2934954,3,2
30325,1903_12_TeamNC_TeamA1,100,25.0,100,3277254,5,2
30340,1903_12_TeamNC_TeamA1,103,26.0,103,3344104,3,2
30384,1903_12_TeamNC_TeamA1,115,29.0,115,3773254,4,2
30410,1903_12_TeamNC_TeamA1,121,30.0,121,3881404,4,2
30444,1903_12_TeamNC_TeamA1,130,33.0,130,4266954,4,2
30711,1903_12_TeamNC_TeamA1,201,53.0,202,7295254,6,2
30738,1903_12_TeamNC_TeamA1,208,55.0,209,7572404,6,2
30753,1903_12_TeamNC_TeamA1,211,56.0,212,7659404,6,2
30782,1903_12_TeamNC_TeamA1,218,57.0,219,7983154,4,2
30844,1903_12_TeamNC_TeamA1,237,62.0,239,8704754,6,2
30894,1903_09_TeamNJ_TeamB,15,3.0,16,343484,6,2
31025,1903_09_TeamNJ_TeamB,50,9.0,51,1484634,4,2
31054,1903_09_TeamNJ_TeamB,58,11.0,59,1729084,4,2
31065,1903_09_TeamNJ_TeamB,60,15.0,61,2382515,5,2
31235,1903_09_TeamNJ_TeamB,107,26.0,108,4003165,3,2
31248,1903_09_TeamNJ_TeamB,110,27.0,111,4064215,5,2
31257,1903_09_TeamNJ_TeamB,111,28.0,112,4103915,6,2
31287,1903_09_TeamNJ_TeamB,119,31.0,120,4466965,4,2
31345,1903_09_TeamNJ_TeamB,133,35.0,134,4918815,4,2
31432,1903_09_TeamNJ_TeamB,156,41.0,158,5984715,3,2
31511,1903_09_TeamNJ_TeamB,173,46.0,175,6617115,4,2
31558,1903_09_TeamNJ_TeamB,186,50.0,189,7207415,4,2
31591,1903_09_TeamNJ_TeamB,193,53.0,196,7467015,5,2
31653,1903_09_TeamNJ_TeamB,211,57.0,214,8130265,4,2
31801,1903_09_TeamNJ_TeamB,249,68.0,252,9586165,6,2
31832,1903_09_TeamNJ_TeamB,257,70.0,260,9921815,5,2
31857,1903_09_TeamNJ_TeamB,263,71.0,266,10133265,4,2
31882,1903_09_TeamNJ_TeamB,270,74.0,273,10451315,5,2
31992,1903_19_TeamNL_TeamB,5,2.0,5,90901,3,2
32015,1903_19_TeamNL_TeamB,11,3.0,12,276201,6,2
32029,1903_19_TeamNL_TeamB,14,4.0,15,359451,6,2
32064,1903_19_TeamNL_TeamB,23,7.0,24,712751,6,2
32171,1903_19_TeamNL_TeamB,48,13.0,50,1486901,4,2
32215,1903_19_TeamNL_TeamB,58,17.0,60,1820251,4,2
32229,1903_19_TeamNL_TeamB,61,18.0,63,2004951,3,2
32255,1903_19_TeamNL_TeamB,67,20.0,69,2125451,4,2
32769,1903_19_TeamNL_TeamB,194,53.0,198,6681401,5,2
32808,1903_19_TeamNL_TeamB,205,55.0,209,7045151,5,2
33038,1903_19_TeamNL_TeamB,264,70.0,268,8979001,6,2
33049,1903_19_TeamNL_TeamB,265,71.0,269,9013301,6,2
33078,1903_19_TeamNL_TeamB,272,72.0,276,9170501,6,2
33221,1901_13_TeamLL_TeamB,5,,5,112925,4,2
33258,1901_13_TeamLL_TeamB,13,,13,294625,4,2
33450,1901_13_TeamLL_TeamB,69,,69,2132924,5,2
33683,1901_13_TeamLL_TeamB,136,,136,4243872,5,2
33694,1901_13_TeamLL_TeamB,138,,138,4287621,3,2
33702,1901_13_TeamLL_TeamB,140,,140,4339421,6,2
33805,1901_13_TeamLL_TeamB,164,,164,5267221,3,2
33844,1901_13_TeamLL_TeamB,174,,174,5804170,6,2
33867,1901_13_TeamLL_TeamB,180,,180,5965070,3,2
33879,1901_13_TeamLL_TeamB,183,,183,6135520,4,2
33915,1901_13_TeamLL_TeamB,193,,193,6479069,4,2
33926,1901_13_TeamLL_TeamB,195,,195,6691319,5,2
33962,1901_13_TeamLL_TeamB,204,,204,6901069,4,2
34065,1901_13_TeamLL_TeamB,233,,233,8047518,6,2
34229,1901_02_TeamLG_TeamA3,29,,29,865711,3,2
34243,1901_02_TeamLG_TeamA3,33,,33,977111,4,2
34339,1901_02_TeamLG_TeamA3,59,,59,1853611,4,2
34405,1901_02_TeamLG_TeamA3,76,,76,3522097,5,2
34475,1901_02_TeamLG_TeamA3,94,,94,4097546,3,2
34484,1901_02_TeamLG_TeamA3,96,,96,4146246,6,2
34550,1901_02_TeamLG_TeamA3,112,,112,4758546,6,2
34602,1901_02_TeamLG_TeamA3,125,,125,5202695,5,2
34635,1901_02_TeamLG_TeamA3,134,,134,5410345,6,2
34694,1901_02_TeamLG_TeamA3,150,,150,6157144,4,2
34968,1901_02_TeamLG_TeamA3,229,,229,8863692,6,2
34997,1901_02_TeamLG_TeamA3,236,,236,9198392,6,2
35162,1901_02_TeamLG_TeamA3,278,,278,10763090,5,2
35225,1901_02_TeamLG_TeamA3,296,,296,11315440,6,2
35311,1903_31_TeamNB_TeamA1,18,6.0,18,504742,5,2
35442,1903_31_TeamNB_TeamA1,53,16.0,53,1875288,6,2
35662,1903_31_TeamNB_TeamA1,113,32.0,115,3868038,5,2
35715,1903_31_TeamNB_TeamA1,124,35.0,126,4348288,6,2
35744,1903_31_TeamNB_TeamA1,132,37.0,134,4674138,6,2
35804,1903_31_TeamNB_TeamA1,150,42.0,152,5204688,4,2
36056,1903_31_TeamNB_TeamA1,221,59.0,224,7616238,5,2
36108,1903_31_TeamNB_TeamA1,233,63.0,236,8050988,5,2
36123,1903_31_TeamNB_TeamA1,236,64.0,239,8150488,5,2
36133,1903_31_TeamNB_TeamA1,238,65.0,242,8237238,3,2
36144,1903_31_TeamNB_TeamA1,241,66.0,245,8393288,4,2
36290,1903_31_TeamNB_TeamA1,284,76.0,289,9923188,4,2
36314,1903_31_TeamNB_TeamA1,290,78.0,295,10198638,4,2
36343,1903_31_TeamNB_TeamA1,297,80.0,302,10356788,4,2
36382,1901_09_TeamLK_TeamB,11,,11,526232,6,2
36390,1901_09_TeamLK_TeamB,12,,12,566032,6,2
36416,1901_09_TeamLK_TeamB,19,,19,826082,6,2
36487,1901_09_TeamLK_TeamB,38,,38,1316781,6,2
36504,1901_09_TeamLK_TeamB,42,,42,1525481,6,2
36539,1901_09_TeamLK_TeamB,50,,50,1923664,5,2
36556,1901_09_TeamLK_TeamB,53,,54,2161133,6,2
36643,1901_09_TeamLK_TeamB,78,,79,2875383,6,2
36700,1901_09_TeamLK_TeamB,91,,92,3469632,3,2
36721,1901_09_TeamLK_TeamB,96,,97,3685382,6,2
36877,1901_09_TeamLK_TeamB,143,,144,5511380,3,2
36937,1901_09_TeamLK_TeamB,160,,161,6061930,4,2
36993,1901_09_TeamLK_TeamB,176,,177,6648979,3,2
37063,1901_09_TeamLK_TeamB,193,,194,7363928,4,2
37098,1901_09_TeamLK_TeamB,203,,204,7602128,6,2
37108,1901_09_TeamLK_TeamB,205,,206,7775578,5,2
37120,1901_09_TeamLK_TeamB,207,,208,7825328,6,2
37228,1901_09_TeamLK_TeamB,241,,242,8927927,6,2
37266,1901_09_TeamLK_TeamB,251,,252,9337526,6,2
37537,1902_18_TeamMB_TeamA1,28,7.0,28,844654,6,2
37553,1902_18_TeamMB_TeamA1,31,8.0,31,950504,4,2
37616,1902_18_TeamMB_TeamA1,48,12.0,48,1542004,4,2
37677,1902_18_TeamMB_TeamA1,63,16.0,63,2168204,5,2
37691,1902_18_TeamMB_TeamA1,65,17.0,65,2296654,4,2
37720,1902_18_TeamMB_TeamA1,71,19.0,71,2527804,3,2
37737,1902_18_TeamMB_TeamA1,75,20.0,75,2719654,6,2
37775,1902_18_TeamMB_TeamA1,86,21.0,86,2945604,5,2
37812,1902_18_TeamMB_TeamA1,92,25.0,92,3253354,4,2
37833,1902_18_TeamMB_TeamA1,96,27.0,96,3464654,6,2
37889,1902_18_TeamMB_TeamA1,112,30.0,112,3950604,4,2
38028,1902_18_TeamMB_TeamA1,145,42.0,145,5172154,6,2
38038,1902_18_TeamMB_TeamA1,146,43.0,146,5214104,4,2
38079,1902_18_TeamMB_TeamA1,158,45.0,158,5741254,6,2
38189,1902_18_TeamMB_TeamA1,190,52.0,190,6859104,5,2
38205,1902_18_TeamMB_TeamA1,193,53.0,193,7112754,5,2
38218,1902_18_TeamMB_TeamA1,196,54.0,196,7191454,3,2
38367,1902_18_TeamMB_TeamA1,241,68.0,241,8885204,4,2
38669,1902_10_TeamMI_TeamA3,34,11.0,34,1306031,3,2
38788,1902_10_TeamMI_TeamA3,67,21.0,67,2388381,6,2
38883,1902_10_TeamMI_TeamA3,93,26.0,93,3188031,5,2
38932,1902_10_TeamMI_TeamA3,107,29.0,107,3683481,3,2
38958,1902_10_TeamMI_TeamA3,114,30.0,114,3943031,6,2
39071,1902_10_TeamMI_TeamA3,144,39.0,144,5030531,5,2
39145,1902_10_TeamMI_TeamA3,162,44.0,162,5792381,3,2
39175,1902_10_TeamMI_TeamA3,170,46.0,170,6076781,3,2
39198,1902_10_TeamMI_TeamA3,176,48.0,176,6331281,5,2
39396,1902_10_TeamMI_TeamA3,229,61.0,229,8380181,5,2
39498,1902_10_TeamMI_TeamA3,258,70.0,258,9487531,6,2
39532,1902_10_TeamMI_TeamA3,268,73.0,268,9872681,6,2
39591,1902_10_TeamMI_TeamA3,282,75.0,282,10360181,6,2
39652,1903_02_TeamNE_TeamA2,17,3.0,17,429975,3,2
39738,1903_02_TeamNE_TeamA2,39,10.0,39,1116325,5,2
39758,1903_02_TeamNE_TeamA2,42,12.0,42,1202325,4,2
39781,1903_02_TeamNE_TeamA2,46,14.0,46,1409175,6,2
39795,1903_02_TeamNE_TeamA2,49,15.0,49,1491375,5,2
39818,1903_02_TeamNE_TeamA2,55,16.0,55,1693175,5,2
39846,1903_02_TeamNE_TeamA2,62,20.0,62,2163591,6,2
39857,1903_02_TeamNE_TeamA2,64,27.0,64,2859596,3,2
39884,1903_02_TeamNE_TeamA2,72,31.0,72,3221587,6,2
39974,1903_02_TeamNE_TeamA2,96,38.0,96,4104537,6,2
40101,1903_02_TeamNE_TeamA2,136,47.0,137,5477187,6,2
40114,1903_02_TeamNE_TeamA2,138,48.0,139,5684337,6,2
40131,1903_02_TeamNE_TeamA2,141,49.0,142,5755537,4,2
40155,1903_02_TeamNE_TeamA2,147,50.0,148,5907887,4,2
40172,1903_02_TeamNE_TeamA2,151,51.0,152,6073137,5,2
40181,1903_02_TeamNE_TeamA2,152,52.0,153,6104587,6,2
40234,1903_02_TeamNE_TeamA2,168,55.0,169,6555787,5,2
40250,1903_02_TeamNE_TeamA2,171,57.0,172,6759837,5,2
40312,1903_02_TeamNE_TeamA2,184,61.0,185,7104687,6,2
40349,1903_02_TeamNE_TeamA2,194,64.0,195,7422387,6,2
40467,1902_26_TeamMC_TeamA1,8,6.0,8,606177,6,2
40510,1902_26_TeamMC_TeamA1,20,8.0,20,874727,3,2
40521,1902_26_TeamMC_TeamA1,22,9.0,22,1035827,3,2
40569,1902_26_TeamMC_TeamA1,34,13.0,34,1448277,3,2
40582,1902_26_TeamMC_TeamA1,37,14.0,37,1529427,5,2
40623,1902_26_TeamMC_TeamA1,48,16.0,48,1882327,4,2
40664,1902_26_TeamMC_TeamA1,56,18.0,56,2077877,6,2
40713,1902_26_TeamMC_TeamA1,71,21.0,71,2547277,3,2
40749,1902_26_TeamMC_TeamA1,77,24.0,77,2814877,6,2
40868,1902_26_TeamMC_TeamA1,109,32.0,109,3866827,4,2
40896,1902_26_TeamMC_TeamA1,115,34.0,115,4016327,5,2
40916,1902_26_TeamMC_TeamA1,120,35.0,120,4221277,6,2
41183,1902_26_TeamMC_TeamA1,188,51.0,188,6548677,4,2
41224,1902_26_TeamMC_TeamA1,199,55.0,199,7013427,6,2
41244,1902_26_TeamMC_TeamA1,204,57.0,204,7284477,5,2
41338,1902_26_TeamMC_TeamA1,230,63.0,230,8073627,5,2
41420,1902_26_TeamMC_TeamA1,254,69.0,254,8977277,5,2
41590,1903_26_TeamNK_TeamB,26,8.0,26,849279,4,2
41643,1903_26_TeamNK_TeamB,42,12.0,42,1300929,4,2
41706,1903_26_TeamNK_TeamB,59,15.0,59,1823229,6,2
41768,1903_26_TeamNK_TeamB,74,18.0,74,2276129,5,2
41780,1903_26_TeamNK_TeamB,76,19.0,76,2330979,6,2
41797,1903_26_TeamNK_TeamB,80,20.0,80,2419329,5,2
41943,1903_26_TeamNK_TeamB,118,33.0,121,3772179,6,2
42085,1903_26_TeamNK_TeamB,155,42.0,158,5158929,5,2
42148,1903_26_TeamNK_TeamB,172,45.0,175,5575229,6,2
42159,1903_26_TeamNK_TeamB,174,46.0,177,5758329,5,2
42195,1903_26_TeamNK_TeamB,183,48.0,186,5989779,6,2
42240,1903_26_TeamNK_TeamB,193,51.0,198,6403029,5,2
42271,1903_26_TeamNK_TeamB,199,53.0,204,6762679,4,2
42417,1903_26_TeamNK_TeamB,237,63.0,242,8090229,6,2
42429,1903_26_TeamNK_TeamB,239,64.0,244,8150929,6,2
42559,1902_24_TeamMA_TeamA1,10,3.0,10,260627,5,2
42579,1902_24_TeamMA_TeamA1,14,4.0,14,383981,4,2
42624,1902_24_TeamMA_TeamA1,27,6.0,27,779486,6,2
42640,1902_24_TeamMA_TeamA1,30,7.0,30,838457,4,2
42665,1902_24_TeamMA_TeamA1,36,8.0,36,992699,3,2
42690,1902_24_TeamMA_TeamA1,42,11.0,42,1260033,4,2
42748,1902_24_TeamMA_TeamA1,58,14.0,58,1813872,6,2
42781,1902_24_TeamMA_TeamA1,65,16.0,65,1980918,4,2
42815,1902_24_TeamMA_TeamA1,74,18.0,74,2318245,4,2
42825,1902_24_TeamMA_TeamA1,76,19.0,76,2365897,4,2
42866,1902_24_TeamMA_TeamA1,85,21.0,85,2599933,5,2
42883,1902_24_TeamMA_TeamA1,89,22.0,89,2805721,3,2
42946,1902_24_TeamMA_TeamA1,105,28.0,105,3379493,6,2
42996,1902_24_TeamMA_TeamA1,118,31.0,118,3820505,4,2
43074,1902_24_TeamMA_TeamA1,140,36.0,140,4696809,3,2
43079,1902_24_TeamMA_TeamA1,141,37.0,141,4736409,6,2
43297,1902_24_TeamMA_TeamA1,204,50.0,204,6850919,3,2
43382,1902_24_TeamMA_TeamA1,227,55.0,227,7724694,5,2
43411,1902_24_TeamMA_TeamA1,234,57.0,234,8047830,5,2
43437,1902_24_TeamMA_TeamA1,240,58.0,240,8241705,6,2
43516,1902_24_TeamMA_TeamA1,260,63.0,260,8963449,5,2
43579,1902_24_TeamMA_TeamA1,278,69.0,278,9526232,6,2
43599,1902_24_TeamMA_TeamA1,283,71.0,283,9762908,5,2
43608,1902_24_TeamMA_TeamA1,284,72.0,284,9800165,6,2
43775,1902_24_TeamMA_TeamA1,327,84.0,327,11473200,6,2
43890,1902_24_TeamMA_TeamA1,356,91.0,356,12437758,6,2
43937,1902_24_TeamMA_TeamA1,369,95.0,369,12918470,3,2
44079,1902_01_TeamMG_TeamA3,15,4.0,15,351593,4,2
44256,1902_01_TeamMG_TeamA3,64,16.0,64,1966443,6,2
44429,1902_01_TeamMG_TeamA3,113,28.0,113,3502693,5,2
44484,1902_01_TeamMG_TeamA3,125,,125,3876043,6,2
44662,1902_01_TeamMG_TeamA3,169,42.0,169,5282243,6,2
44748,1902_01_TeamMG_TeamA3,189,46.0,189,5973693,4,2
44766,1902_01_TeamMG_TeamA3,193,48.0,193,6179543,3,2
44779,1902_01_TeamMG_TeamA3,195,49.0,195,6230843,6,2
44798,1902_01_TeamMG_TeamA3,198,50.0,198,6357343,5,2
44850,1902_01_TeamMG_TeamA3,212,54.0,212,6851743,3,2
44982,1902_01_TeamMG_TeamA3,252,62.0,253,8281443,3,2
45263,1901_18_TeamLH_TeamA3,27,,29,875303,3,2
45278,1901_18_TeamLH_TeamA3,30,,32,1055752,6,2
45289,1901_18_TeamLH_TeamA3,32,,35,1101602,5,2
45386,1901_18_TeamLH_TeamA3,57,,62,1852602,6,2
45654,1901_18_TeamLH_TeamA3,127,,132,4194549,4,2
45835,1901_18_TeamLH_TeamA3,180,,185,5795998,4,2
46040,1901_18_TeamLH_TeamA3,234,,240,7959896,5,2
46091,1901_18_TeamLH_TeamA3,247,,253,8445095,3,2
46111,1901_18_TeamLH_TeamA3,252,,258,8602645,6,2
46126,1901_18_TeamLH_TeamA3,255,,261,8798695,4,2
46275,1901_03_TeamLG_TeamA3,15,,16,546279,3,2
46296,1901_03_TeamLG_TeamA3,21,,22,677679,5,2
46416,1901_03_TeamLG_TeamA3,56,,59,1803678,6,2
46453,1901_03_TeamLG_TeamA3,62,,65,2098928,6,2
46543,1901_03_TeamLG_TeamA3,88,,93,2933065,6,2
46553,1901_03_TeamLG_TeamA3,90,,95,2979015,5,2
46577,1901_03_TeamLG_TeamA3,96,,101,3105815,6,2
46650,1901_03_TeamLG_TeamA3,115,,123,3954214,3,2
46684,1901_03_TeamLG_TeamA3,122,,133,4356064,5,2
46697,1901_03_TeamLG_TeamA3,125,,136,4463363,6,2
46781,1901_03_TeamLG_TeamA3,144,,155,5092713,5,2
46795,1901_03_TeamLG_TeamA3,147,,158,5281163,4,2
46853,1901_03_TeamLG_TeamA3,162,,173,5697412,6,2
46876,1901_03_TeamLG_TeamA3,168,,180,5963712,6,2
46891,1901_03_TeamLG_TeamA3,171,,183,6023562,4,2
46921,1901_03_TeamLG_TeamA3,176,,188,6171812,5,2
46935,1901_03_TeamLG_TeamA3,179,,192,6422812,3,2
46947,1901_03_TeamLG_TeamA3,182,,195,6523112,6,2
47031,1901_03_TeamLG_TeamA3,205,,218,7680554,5,2
47132,1901_03_TeamLG_TeamA3,235,,249,8926703,5,2
47143,1901_03_TeamLG_TeamA3,237,,251,9003953,3,2
47217,1901_03_TeamLG_TeamA3,256,,270,9749002,6,2
47906,1902_14_TeamMK_TeamB,9,3.0,9,198685,6,2
47921,1902_14_TeamMK_TeamB,12,4.0,12,369185,3,2
47978,1902_14_TeamMK_TeamB,26,9.0,26,844285,6,2
48023,1902_14_TeamMK_TeamB,36,12.0,36,1116585,5,2
48292,1902_14_TeamMK_TeamB,104,29.0,104,3323485,4,2
48329,1902_14_TeamMK_TeamB,113,32.0,113,3625335,4,2
48351,1902_14_TeamMK_TeamB,118,33.0,118,3756435,6,2
48393,1902_14_TeamMK_TeamB,128,36.0,128,4099085,4,2
48485,1902_14_TeamMK_TeamB,150,43.0,150,4825935,3,2
48524,1902_14_TeamMK_TeamB,160,45.0,160,5155985,6,2
48711,1902_14_TeamMK_TeamB,206,55.0,206,6643935,4,2
48755,1902_14_TeamMK_TeamB,214,58.0,214,6919985,6,2
48984,1902_14_TeamMK_TeamB,275,72.0,275,8981085,4,2
49068,1902_14_TeamMK_TeamB,298,79.0,298,9800635,5,2
49229,1902_05_TeamML_TeamB,36,8.0,36,1134229,3,2
49256,1902_05_TeamML_TeamB,43,10.0,43,1362379,3,2
49313,1902_05_TeamML_TeamB,54,14.0,54,1743329,6,2
49647,1902_05_TeamML_TeamB,143,37.0,143,12243279,6,2
49654,1902_05_TeamML_TeamB,144,38.0,144,12391879,5,2
49663,1902_05_TeamML_TeamB,145,39.0,145,12449879,4,2
49698,1902_05_TeamML_TeamB,155,41.0,155,12764429,3,2
49871,1902_05_TeamML_TeamB,206,52.0,206,14562629,6,2
49914,1902_05_TeamML_TeamB,214,55.0,214,14788429,4,2
49936,1902_05_TeamML_TeamB,220,57.0,220,15101229,5,2
49959,1902_05_TeamML_TeamB,226,58.0,226,15215829,3,2
50161,1902_05_TeamML_TeamB,276,72.0,276,17236879,4,2
50265,1902_05_TeamML_TeamB,304,80.0,304,18285329,5,2
50292,1902_05_TeamML_TeamB,311,82.0,313,18626079,3,2
50331,1902_05_TeamML_TeamB,321,84.0,323,18899879,6,2
50404,1902_14_TeamMD_TeamA2,2,1.0,2,40897,4,2
50481,1902_14_TeamMD_TeamA2,21,8.0,21,630397,3,2
50512,1902_14_TeamMD_TeamA2,27,10.0,27,847247,4,2
50676,1902_14_TeamMD_TeamA2,66,21.0,66,2198326,6,2
50718,1902_14_TeamMD_TeamA2,76,24.0,76,2438176,6,2
50806,1902_14_TeamMD_TeamA2,98,30.0,98,3119826,3,2
50816,1902_14_TeamMD_TeamA2,100,32.0,100,3311226,4,2
50852,1902_14_TeamMD_TeamA2,110,34.0,110,3515576,4,2
50904,1902_14_TeamMD_TeamA2,121,38.0,121,3948376,5,2
50938,1902_14_TeamMD_TeamA2,130,41.0,130,4299376,4,2
50984,1902_14_TeamMD_TeamA2,143,44.0,143,4733326,6,2
50996,1902_14_TeamMD_TeamA2,144,45.0,144,4776426,4,2
51097,1902_14_TeamMD_TeamA2,173,50.0,173,5601776,4,2
51167,1902_14_TeamMD_TeamA2,192,55.0,192,6376428,4,2
51207,1902_14_TeamMD_TeamA2,199,58.0,199,6688028,4,2
51292,1902_14_TeamMD_TeamA2,221,65.0,221,7509578,4,2
51323,1902_14_TeamMD_TeamA2,229,67.0,229,7811015,6,2
51380,1902_14_TeamMD_TeamA2,245,72.0,245,8471915,6,2
51390,1902_14_TeamMD_TeamA2,247,73.0,247,8529065,5,2
51450,1902_14_TeamMD_TeamA2,263,77.0,263,9093365,4,2
51512,1902_14_TeamMD_TeamA2,280,81.0,280,9727415,5,2
51529,1902_14_TeamMD_TeamA2,284,82.0,284,9838365,4,2
51634,1902_14_TeamMD_TeamA2,314,,314,10903265,4,2
51681,1902_14_TeamMD_TeamA2,327,89.0,327,11389815,6,2
51736,1903_30_TeamNB_TeamA1,3,1.0,3,85884,5,2
51839,1903_30_TeamNB_TeamA1,29,7.0,29,832634,4,2
51953,1903_30_TeamNB_TeamA1,61,14.0,62,1855784,4,2
51968,1903_30_TeamNB_TeamA1,64,15.0,65,1912584,6,2
52002,1903_30_TeamNB_TeamA1,73,17.0,75,2121784,6,2
52093,1903_30_TeamNB_TeamA1,93,26.0,95,2875334,4,2
52152,1903_30_TeamNB_TeamA1,104,31.0,109,3319671,5,2
52194,1903_30_TeamNB_TeamA1,116,34.0,121,3672621,4,2
52296,1903_30_TeamNB_TeamA1,138,45.0,144,4536121,5,2
52372,1903_30_TeamNB_TeamA1,154,50.0,160,5107571,6,2
52394,1903_30_TeamNB_TeamA1,159,51.0,165,5218771,6,2
52446,1903_30_TeamNB_TeamA1,171,55.0,178,5662021,6,2
52586,1903_30_TeamNB_TeamA1,211,66.0,219,7332648,5,2
52617,1903_30_TeamNB_TeamA1,219,68.0,227,7476698,4,2
52798,1903_30_TeamNB_TeamA1,263,79.0,271,9002198,5,2
52823,1903_30_TeamNB_TeamA1,268,81.0,276,9113098,4,2
52863,1902_11_TeamMI_TeamA3,11,3.0,11,218402,4,2
53028,1902_11_TeamMI_TeamA3,53,13.0,53,1836702,4,2
53057,1902_11_TeamMI_TeamA3,59,14.0,59,2035652,5,2
53115,1902_11_TeamMI_TeamA3,70,17.0,70,2444252,6,2
53129,1902_11_TeamMI_TeamA3,73,18.0,73,2509002,4,2
53200,1902_11_TeamMI_TeamA3,93,22.0,93,3126752,3,2
53385,1902_11_TeamMI_TeamA3,144,34.0,144,4743852,6,2
53486,1902_11_TeamMI_TeamA3,175,41.0,175,5786652,4,2
53630,1902_11_TeamMI_TeamA3,212,50.0,212,7180702,4,2
53809,1902_11_TeamMI_TeamA3,267,61.0,267,9467702,6,2
55021,1901_06_TeamLI_TeamA3,30,,30,1005583,4,2
55075,1901_06_TeamLI_TeamA3,46,,46,1448283,6,2
55139,1901_06_TeamLI_TeamA3,64,,64,1972882,6,2
55167,1901_06_TeamLI_TeamA3,71,,71,2252382,4,2
55205,1901_06_TeamLI_TeamA3,79,,79,2604732,6,2
55369,1901_06_TeamLI_TeamA3,122,,123,4235630,3,2
55977,1902_27_TeamMH_TeamA3,57,14.0,57,1856122,4,2
56158,1902_27_TeamMH_TeamA3,104,26.0,104,3556422,6,2
56228,1902_27_TeamMH_TeamA3,124,29.0,124,4180872,3,2
56335,1902_27_TeamMH_TeamA3,151,36.0,151,5075672,6,2
56468,1902_27_TeamMH_TeamA3,191,47.0,191,6673972,5,2
56615,1902_27_TeamMH_TeamA3,237,57.0,237,7982872,3,2
56707,1902_27_TeamMH_TeamA3,265,62.0,265,8906822,5,2
56746,1902_27_TeamMH_TeamA3,272,65.0,272,9281622,3,2
56784,1902_27_TeamMH_TeamA3,282,68.0,282,9566022,4,2
57007,1903_05_TeamND_TeamA2,17,4.0,17,371162,5,2
57094,1903_05_TeamND_TeamA2,40,10.0,40,1156412,6,2
57158,1903_05_TeamND_TeamA2,57,13.0,57,1546612,4,2
57590,1903_05_TeamND_TeamA2,180,40.0,180,5556662,5,2
57632,1903_05_TeamND_TeamA2,190,42.0,190,5914162,4,2
57653,1903_05_TeamND_TeamA2,193,44.0,193,6019812,4,2
57690,1903_05_TeamND_TeamA2,204,46.0,204,6460962,4,2
57953,1903_05_TeamND_TeamA2,275,63.0,275,8857112,3,2
57984,1903_05_TeamND_TeamA2,281,65.0,281,9147612,4,2
58042,1903_05_TeamND_TeamA2,297,68.0,297,9644462,6,2
58153,1903_05_TeamND_TeamA2,325,76.0,325,10803362,5,2
58211,1903_05_TeamND_TeamA2,341,80.0,341,11365762,6,2
58343,1903_26_TeamNH_TeamA3,7,2.0,7,167713,4,2
58389,1903_26_TeamNH_TeamA3,15,5.0,15,467863,6,2
58449,1903_26_TeamNH_TeamA3,32,8.0,32,1087963,3,2
58535,1903_26_TeamNH_TeamA3,58,14.0,58,1832913,4,2
58618,1903_26_TeamNH_TeamA3,83,19.0,83,2670263,4,2
58748,1903_26_TeamNH_TeamA3,116,29.0,116,3602113,3,2
58815,1903_26_TeamNH_TeamA3,129,33.0,129,4112763,6,2
58927,1903_26_TeamNH_TeamA3,156,39.0,157,5057513,4,2
59078,1903_26_TeamNH_TeamA3,197,49.0,198,6467063,4,2
59283,1903_26_TeamNH_TeamA3,255,64.0,256,8690763,5,2
59365,1903_26_TeamNH_TeamA3,278,69.0,279,9653163,6,2
59388,1903_26_TeamNH_TeamA3,284,71.0,285,9818113,4,2
59525,1903_26_TeamNH_TeamA3,324,79.0,325,11139463,5,2
59607,1903_26_TeamNH_TeamA3,340,86.0,341,11997363,5,2
59651,1902_13_TeamMK_TeamB,4,1.0,4,72260,4,2
59708,1902_13_TeamMK_TeamB,16,,16,497660,5,2
59863,1902_13_TeamMK_TeamB,52,18.0,52,1956760,3,2
60021,1902_13_TeamMK_TeamB,92,28.0,92,3415210,6,2
60073,1902_13_TeamMK_TeamB,105,31.0,105,3726060,3,2
60085,1902_13_TeamMK_TeamB,108,32.0,108,3890710,4,2
60110,1902_13_TeamMK_TeamB,112,33.0,112,4010010,6,2
60161,1902_13_TeamMK_TeamB,124,37.0,124,4400360,6,2
60196,1902_13_TeamMK_TeamB,130,,130,4617460,5,2
60375,1902_13_TeamMK_TeamB,177,51.0,177,6353010,4,2
60486,1902_13_TeamMK_TeamB,209,59.0,209,7694760,5,2
60605,1902_13_TeamMK_TeamB,237,66.0,237,8777110,6,2
60620,1902_13_TeamMK_TeamB,240,67.0,240,9036310,6,2
60679,1902_13_TeamMK_TeamB,254,72.0,254,9588110,3,2
60707,1902_13_TeamMK_TeamB,260,74.0,260,9755760,3,2
60789,1902_13_TeamMK_TeamB,282,78.0,282,10493310,4,2
60813,1902_13_TeamMK_TeamB,288,79.0,288,10669060,6,2
61019,1903_15_TeamNG_TeamA3,3,1.0,3,64669,3,2
61172,1903_15_TeamNG_TeamA3,41,12.0,41,1386319,6,2
61194,1903_15_TeamNG_TeamA3,47,14.0,47,1527869,6,2
61341,1903_15_TeamNG_TeamA3,88,23.0,88,2744269,6,2
61433,1903_15_TeamNG_TeamA3,114,29.0,114,3722919,4,2
61449,1903_15_TeamNG_TeamA3,117,30.0,117,3819219,6,2
61542,1903_15_TeamNG_TeamA3,140,35.0,140,4666569,3,2
61570,1903_15_TeamNG_TeamA3,147,37.0,147,4802069,4,2
61616,1903_15_TeamNG_TeamA3,158,41.0,158,5319169,6,2
61724,1903_15_TeamNG_TeamA3,185,48.0,185,6082769,4,2
61930,1903_15_TeamNG_TeamA3,241,60.0,241,7993019,4,2
61946,1903_15_TeamNG_TeamA3,243,61.0,243,8044869,4,2
62017,1903_15_TeamNG_TeamA3,260,67.0,260,8819069,6,2
62059,1903_15_TeamNG_TeamA3,271,70.0,271,9298169,4,2
62103,1903_15_TeamNG_TeamA3,279,72.0,279,9614269,3,2
62157,1903_15_TeamNG_TeamA3,293,75.0,293,10036969,4,2
63160,1903_20_TeamNL_TeamB,9,3.0,9,217932,6,2
63188,1903_20_TeamNL_TeamB,16,5.0,16,511832,5,2
63239,1903_20_TeamNL_TeamB,31,11.0,31,1204866,4,2
63378,1903_20_TeamNL_TeamB,65,21.0,65,2351366,4,2
63512,1903_20_TeamNL_TeamB,102,28.0,102,3380366,4,2
63592,1903_20_TeamNL_TeamB,124,34.0,124,4093466,5,2
63617,1903_20_TeamNL_TeamB,131,35.0,131,4217466,4,2
63733,1903_20_TeamNL_TeamB,159,42.0,159,5318666,6,2
63746,1903_20_TeamNL_TeamB,161,43.0,161,5488416,3,2
63865,1903_20_TeamNL_TeamB,188,50.0,189,6367216,4,2
63899,1903_20_TeamNL_TeamB,196,53.0,197,6678316,4,2
63946,1903_20_TeamNL_TeamB,210,56.0,211,7224866,4,2
63983,1903_20_TeamNL_TeamB,220,58.0,221,7623466,4,2
64001,1903_20_TeamNL_TeamB,224,59.0,225,7704566,4,2
64092,1903_20_TeamNL_TeamB,245,65.0,248,8499216,6,2
64152,1902_06_TeamML_TeamB,15,5.0,15,506303,6,2
64189,1902_06_TeamML_TeamB,22,7.0,22,692253,5,2
64225,1902_06_TeamML_TeamB,32,9.0,32,987403,6,2
64282,1902_06_TeamML_TeamB,45,14.0,45,1374703,4,2
64350,1902_06_TeamML_TeamB,64,18.0,64,1960053,5,2
64428,1902_06_TeamML_TeamB,87,26.0,87,3019074,3,2
64563,1902_06_TeamML_TeamB,118,33.0,119,4152374,4,2
64589,1902_06_TeamML_TeamB,125,35.0,126,4406774,4,2
64670,1902_06_TeamML_TeamB,146,40.0,147,5069974,4,2
64704,1902_06_TeamML_TeamB,154,43.0,155,5321074,3,2
64834,1902_06_TeamML_TeamB,191,52.0,192,6540974,4,2
65133,1902_06_TeamML_TeamB,267,73.0,268,9493024,6,2
65207,1902_06_TeamML_TeamB,288,77.0,289,10217174,6,2
65255,1903_18_TeamNI_TeamA3,5,2.0,5,100416,3,2
65327,1903_18_TeamNI_TeamA3,20,6.0,20,494166,6,2
65340,1903_18_TeamNI_TeamA3,22,7.0,22,652116,3,2
65363,1903_18_TeamNI_TeamA3,28,9.0,28,804516,6,2
65411,1903_18_TeamNI_TeamA3,41,13.0,41,1268631,5,2
65435,1903_18_TeamNI_TeamA3,46,15.0,46,1369981,4,2
65451,1903_18_TeamNI_TeamA3,50,16.0,50,1584131,4,2
65477,1903_18_TeamNI_TeamA3,57,19.0,57,1828831,6,2
65527,1903_18_TeamNI_TeamA3,69,21.0,69,2124881,6,2
65566,1903_18_TeamNI_TeamA3,79,23.0,79,2453681,6,2
65578,1903_18_TeamNI_TeamA3,81,24.0,81,2499831,5,2
65656,1903_18_TeamNI_TeamA3,103,32.0,103,3279731,4,2
65735,1903_18_TeamNI_TeamA3,119,37.0,120,3752581,4,2
65756,1903_18_TeamNI_TeamA3,123,38.0,124,3891531,4,2
65820,1903_18_TeamNI_TeamA3,140,42.0,141,4445431,3,2
65866,1903_18_TeamNI_TeamA3,154,45.0,155,4873081,5,2
66122,1903_18_TeamNI_TeamA3,225,61.0,226,7474281,6,2
66224,1903_18_TeamNI_TeamA3,251,69.0,252,8434531,6,2
66232,1902_09_TeamMJ_TeamB,1,1.0,1,17805,5,2
66265,1902_09_TeamMJ_TeamB,10,4.0,10,355405,4,2
66319,1902_09_TeamMJ_TeamB,23,8.0,23,794755,4,2
66363,1902_09_TeamMJ_TeamB,36,11.0,36,1146455,6,2
66523,1902_09_TeamMJ_TeamB,76,22.0,76,2584505,5,2
66904,1902_09_TeamMJ_TeamB,184,50.0,184,6884455,5,2
66919,1902_09_TeamMJ_TeamB,187,52.0,187,7095805,6,2
67147,1902_09_TeamMJ_TeamB,248,69.0,248,9225205,4,2
67277,1902_09_TeamMJ_TeamB,282,77.0,282,10702155,4,2
67355,1902_09_TeamMJ_TeamB,304,81.0,304,11431905,4,2
67395,1902_09_TeamMJ_TeamB,312,84.0,312,11664855,6,2
67476,1901_14_TeamLL_TeamB,22,,22,794701,4,2
67682,1901_14_TeamLL_TeamB,76,,76,2609699,6,2
67696,1901_14_TeamLL_TeamB,79,,79,2705649,6,2
67797,1901_14_TeamLL_TeamB,105,,105,3636048,4,2
67955,1901_14_TeamLL_TeamB,145,,145,5189447,3,2
68150,1901_14_TeamLL_TeamB,199,,199,7341295,5,2
68217,1901_14_TeamLL_TeamB,219,,219,8021294,3,2
68330,1901_14_TeamLL_TeamB,254,,254,9217843,5,2
69310,1902_26_TeamMH_TeamA3,4,1.0,4,69106,5,2
69416,1902_26_TeamMH_TeamA3,29,7.0,29,764006,5,2
69546,1902_26_TeamMH_TeamA3,59,18.0,59,1883156,3,2
69709,1902_26_TeamMH_TeamA3,99,28.0,99,3113706,5,2
69760,1902_26_TeamMH_TeamA3,111,31.0,111,3509106,6,2
69811,1902_26_TeamMH_TeamA3,122,34.0,122,3826706,5,2
69842,1902_26_TeamMH_TeamA3,130,36.0,130,4129256,4,2
69941,1902_26_TeamMH_TeamA3,156,41.0,156,5064856,5,2
69989,1902_26_TeamMH_TeamA3,166,45.0,166,5460306,4,2
70123,1902_26_TeamMH_TeamA3,202,54.0,202,6690556,6,2
70321,1902_26_TeamMH_TeamA3,254,67.0,254,8671358,6,2
70346,1902_26_TeamMH_TeamA3,260,68.0,260,8853708,6,2
70463,1902_26_TeamMH_TeamA3,291,74.0,291,9972308,4,2
70488,1902_26_TeamMH_TeamA3,297,75.0,297,10128808,4,2
70522,1902_26_TeamMH_TeamA3,306,78.0,306,10465908,3,2
70636,1902_26_TeamMH_TeamA3,336,85.0,336,11623258,4,2
70688,1901_10_TeamLJ_TeamB,10,,13,430716,6,2
70723,1901_10_TeamLJ_TeamB,17,,20,659366,6,2
70766,1901_10_TeamLJ_TeamB,29,,32,1094865,6,2
70796,1901_10_TeamLJ_TeamB,37,,40,1373565,4,2
70960,1901_10_TeamLJ_TeamB,83,,86,2991414,6,2
70967,1901_10_TeamLJ_TeamB,84,,87,3058214,4,2
70981,1901_10_TeamLJ_TeamB,87,,90,3256113,6,2
71004,1901_10_TeamLJ_TeamB,93,,96,3375313,6,2
71107,1901_10_TeamLJ_TeamB,122,,125,4581262,6,2
71144,1901_10_TeamLJ_TeamB,132,,136,5068512,4,2
71206,1901_10_TeamLJ_TeamB,149,,153,5800411,6,2
71266,1901_10_TeamLJ_TeamB,165,,169,6653460,3,2
71304,1901_10_TeamLJ_TeamB,176,,180,7035710,6,2
71324,1901_10_TeamLJ_TeamB,181,,185,7367859,4,2
71341,1901_10_TeamLJ_TeamB,185,,189,7620709,4,2
71373,1901_10_TeamLJ_TeamB,192,,196,7981809,6,2
71395,1901_10_TeamLJ_TeamB,197,,201,8106809,6,2
71463,1901_10_TeamLJ_TeamB,214,,218,8957508,4,2
71477,1901_10_TeamLJ_TeamB,216,,220,9133658,4,2
71604,1901_10_TeamLJ_TeamB,249,,253,10225957,4,2
71615,1901_10_TeamLJ_TeamB,251,,255,10275907,3,2
71712,1903_27_TeamNH_TeamA3,24,6.0,25,700807,4,2
71811,1903_27_TeamNH_TeamA3,50,15.0,52,1614157,6,2
71959,1903_27_TeamNH_TeamA3,92,24.0,94,2908174,5,2
71986,1903_27_TeamNH_TeamA3,99,25.0,101,3038074,6,2
72022,1903_27_TeamNH_TeamA3,109,28.0,111,3359824,3,2
72080,1903_27_TeamNH_TeamA3,126,32.0,129,3957724,6,2
72122,1903_27_TeamNH_TeamA3,136,36.0,139,6839074,4,2
72162,1903_27_TeamNH_TeamA3,143,40.0,146,7180624,5,2
72188,1903_27_TeamNH_TeamA3,150,42.0,153,7340374,6,2
72447,1903_27_TeamNH_TeamA3,224,61.0,227,10042524,6,2
72483,1903_27_TeamNH_TeamA3,233,64.0,236,10314024,3,2
72498,1903_27_TeamNH_TeamA3,236,65.0,239,10494674,4,2
72586,1903_25_TeamNK_TeamB,3,1.0,3,81815,4,2
72783,1903_25_TeamNK_TeamB,50,16.0,51,1811215,5,2
72884,1903_25_TeamNK_TeamB,73,23.0,75,2700165,3,2
72901,1903_25_TeamNK_TeamB,77,24.0,80,2804115,5,2
72981,1903_25_TeamNK_TeamB,98,32.0,102,3614265,5,2
73058,1903_25_TeamNK_TeamB,118,36.0,123,4310565,4,2
73071,1903_25_TeamNK_TeamB,120,37.0,125,4479065,6,2
73100,1903_25_TeamNK_TeamB,126,39.0,131,4621215,4,2
73184,1903_25_TeamNK_TeamB,149,45.0,154,5464815,6,2
73228,1903_25_TeamNK_TeamB,156,47.0,161,5811515,6,2
73277,1903_25_TeamNK_TeamB,164,50.0,169,6209415,6,2
73333,1903_25_TeamNK_TeamB,173,55.0,180,6697065,6,2
73360,1903_25_TeamNK_TeamB,179,57.0,186,6923665,4,2
73380,1903_25_TeamNK_TeamB,184,58.0,192,7189365,5,2
73398,1903_25_TeamNK_TeamB,188,59.0,196,7273815,5,2
73517,1903_25_TeamNK_TeamB,219,70.0,228,8599615,4,2
73587,1903_25_TeamNK_TeamB,237,74.0,247,9069415,5,2
73621,1903_25_TeamNK_TeamB,247,75.0,257,9348765,4,2
73691,1903_25_TeamNK_TeamB,257,80.0,267,9917915,6,2
73705,1903_25_TeamNK_TeamB,258,81.0,268,9960315,4,2
73742,1903_14_TeamNG_TeamA3,9,3.0,9,188932,5,2
73762,1903_14_TeamNG_TeamA3,13,5.0,13,423332,6,2
73875,1903_14_TeamNG_TeamA3,45,12.0,45,1394132,4,2
73917,1903_14_TeamNG_TeamA3,56,15.0,56,1712182,5,2
73977,1903_14_TeamNG_TeamA3,70,21.0,70,2375872,4,2
74025,1903_14_TeamNG_TeamA3,84,25.0,84,2779622,4,2
74217,1903_14_TeamNG_TeamA3,137,44.0,137,5289032,6,2
74400,1903_14_TeamNG_TeamA3,186,57.0,186,7199121,4,2
74411,1903_14_TeamNG_TeamA3,188,58.0,188,7336021,5,2
74428,1903_14_TeamNG_TeamA3,192,59.0,192,7476621,4,2
74524,1903_14_TeamNG_TeamA3,218,65.0,218,8495721,5,2
74563,1903_14_TeamNG_TeamA3,227,67.0,227,8700771,6,2
74570,1903_14_TeamNG_TeamA3,228,68.0,228,8898268,3,2
74589,1903_14_TeamNG_TeamA3,233,69.0,233,9008868,4,2
74633,1903_14_TeamNG_TeamA3,246,72.0,246,9517618,6,2
74666,1902_29_TeamMF_TeamA2,5,2.0,5,112818,6,2
74706,1902_29_TeamMF_TeamA2,15,5.0,15,512368,5,2
74729,1902_29_TeamMF_TeamA2,20,6.0,20,640818,4,2
74745,1902_29_TeamMF_TeamA2,24,7.0,24,850768,4,2
74768,1902_29_TeamMF_TeamA2,30,8.0,30,972868,4,2
74826,1902_29_TeamMF_TeamA2,47,13.0,47,1571668,4,2
74864,1902_29_TeamMF_TeamA2,58,15.0,58,1976468,3,2
74999,1902_29_TeamMF_TeamA2,95,29.0,95,3778310,6,2
75010,1902_29_TeamMF_TeamA2,97,30.0,97,3856960,4,2
75065,1902_29_TeamMF_TeamA2,108,34.0,108,4320560,6,2
75078,1902_29_TeamMF_TeamA2,109,35.0,109,4372810,4,2
75161,1902_29_TeamMF_TeamA2,132,41.0,132,5299610,6,2
75179,1902_29_TeamMF_TeamA2,136,42.0,136,5394110,5,2
75260,1902_29_TeamMF_TeamA2,159,47.0,159,6252910,5,2
75268,1902_29_TeamMF_TeamA2,160,48.0,160,6286960,4,2
75474,1902_29_TeamMF_TeamA2,222,64.0,222,8666860,5,2
75581,1902_28_TeamMC_TeamA1,16,7.0,16,619355,5,2
75622,1902_28_TeamMC_TeamA1,28,10.0,28,1004905,4,2
75708,1902_28_TeamMC_TeamA1,44,16.0,44,1650555,4,2
75770,1902_28_TeamMC_TeamA1,57,20.0,57,2085105,4,2
75829,1902_28_TeamMC_TeamA1,71,23.0,71,2530305,4,2
75968,1902_28_TeamMC_TeamA1,113,31.0,113,4087005,3,2
76102,1902_28_TeamMC_TeamA1,149,39.0,149,5550705,4,2
76164,1902_28_TeamMC_TeamA1,167,42.0,167,6139505,4,2
76206,1902_28_TeamMC_TeamA1,179,44.0,179,6607355,5,2
76260,1902_28_TeamMC_TeamA1,192,48.0,192,7082955,4,2
76335,1902_28_TeamMC_TeamA1,214,53.0,214,7909705,6,2
76487,1902_28_TeamMC_TeamA1,252,63.0,252,9391005,6,2
76613,1902_07_TeamMJ_TeamB,22,8.0,22,755862,4,2
76808,1902_07_TeamMJ_TeamB,73,21.0,73,2506352,3,2
76822,1902_07_TeamMJ_TeamB,76,22.0,76,2599902,4,2
76853,1902_07_TeamMJ_TeamB,85,24.0,85,3003102,4,2
76885,1902_07_TeamMJ_TeamB,93,27.0,93,3298902,4,2
76982,1902_07_TeamMJ_TeamB,121,32.0,121,4400152,3,2
76997,1902_07_TeamMJ_TeamB,125,33.0,125,4484902,3,2
77013,1902_07_TeamMJ_TeamB,129,34.0,129,4571452,6,2
77173,1902_07_TeamMJ_TeamB,166,44.0,166,5969452,4,2
77230,1902_07_TeamMJ_TeamB,180,47.0,180,6472752,4,2
77289,1902_07_TeamMJ_TeamB,195,51.0,195,7055252,6,2
77430,1902_07_TeamMJ_TeamB,232,60.0,232,8587152,4,2
77454,1902_07_TeamMJ_TeamB,237,62.0,238,8731152,6,2
77512,1902_07_TeamMJ_TeamB,252,66.0,253,9306502,6,2
77612,1902_07_TeamMJ_TeamB,281,75.0,282,10567952,4,2
77644,1902_07_TeamMJ_TeamB,288,78.0,289,10851902,5,2
77803,1901_04_TeamLI_TeamA3,47,,47,1284718,5,2
77861,1901_04_TeamLI_TeamA3,62,,62,1839217,6,2
77960,1901_04_TeamLI_TeamA3,91,,91,2776616,6,2
77979,1901_04_TeamLI_TeamA3,95,,95,2860766,3,2
78151,1901_04_TeamLI_TeamA3,142,,142,4485015,6,2
78483,1901_04_TeamLI_TeamA3,237,,238,7896611,4,2
78680,1901_04_TeamLI_TeamA3,295,,297,10020759,4,2
78747,1901_04_TeamLI_TeamA3,313,,315,10609209,3,2
79067,1903_28_TeamNF_TeamA2,90,23.0,90,2753501,3,2
79141,1903_28_TeamNF_TeamA2,110,31.0,110,3545951,6,2
79319,1903_28_TeamNF_TeamA2,158,44.0,158,5364501,6,2
79396,1903_28_TeamNF_TeamA2,168,49.0,168,5713101,5,2
79490,1903_28_TeamNF_TeamA2,196,57.0,196,6898351,6,2
79685,1903_28_TeamNF_TeamA2,256,70.0,256,8913501,4,2
79848,1901_16_TeamLH_TeamA3,9,,10,297930,3,2
79897,1901_16_TeamLH_TeamA3,22,,23,639180,3,2
80071,1901_16_TeamLH_TeamA3,73,,75,2520325,3,2
80238,1901_16_TeamLH_TeamA3,117,,119,4045923,4,2
80247,1901_16_TeamLH_TeamA3,118,,120,4088673,6,2
80339,1901_16_TeamLH_TeamA3,144,,146,4953222,4,2
80512,1901_16_TeamLH_TeamA3,188,,190,6595871,6,2
80593,1901_16_TeamLH_TeamA3,211,,213,7386520,5,2
80608,1901_16_TeamLH_TeamA3,214,,216,7454770,4,2
80733,1901_16_TeamLH_TeamA3,242,,244,8658019,3,2
80812,1901_16_TeamLH_TeamA3,262,,264,9346718,4,2
80967,1901_16_TeamLH_TeamA3,303,,305,10942317,6,2
81233,1902_25_TeamMH_TeamA3,79,20.0,80,2443512,5,2
81265,1902_25_TeamMH_TeamA3,87,21.0,88,2605012,5,2
81392,1902_25_TeamMH_TeamA3,122,31.0,123,3892962,4,2
81409,1902_25_TeamMH_TeamA3,126,32.0,127,3988812,5,2
81495,1902_25_TeamMH_TeamA3,149,36.0,150,4717662,4,2
81510,1902_25_TeamMH_TeamA3,151,37.0,152,4894312,4,2
81535,1902_25_TeamMH_TeamA3,157,39.0,158,5040862,6,2
81566,1902_25_TeamMH_TeamA3,166,41.0,167,5394812,3,2
81580,1902_25_TeamMH_TeamA3,169,42.0,170,5463612,5,2
81631,1902_25_TeamMH_TeamA3,180,45.0,181,5853412,3,2
81700,1902_25_TeamMH_TeamA3,198,49.0,199,6446612,5,2
82135,1902_25_TeamMH_TeamA3,322,75.0,323,10474747,6,2
82156,1902_25_TeamMH_TeamA3,325,77.0,326,10593747,6,2
83240,1903_07_TeamND_TeamA2,48,12.0,49,1236623,6,2
83345,1903_07_TeamND_TeamA2,74,18.0,75,2104323,6,2
83380,1903_07_TeamND_TeamA2,81,20.0,82,2240223,5,2
83506,1903_07_TeamND_TeamA2,110,26.0,111,3209723,4,2
83541,1903_07_TeamND_TeamA2,120,28.0,121,3550873,4,2
83563,1903_07_TeamND_TeamA2,125,29.0,126,3679273,4,2
83603,1903_07_TeamND_TeamA2,136,31.0,137,3974223,6,2
84077,1903_07_TeamND_TeamA2,271,61.0,272,8693573,3,2
84117,1903_07_TeamND_TeamA2,283,65.0,284,9272873,3,2
84144,1903_07_TeamND_TeamA2,290,67.0,291,9484573,6,2
84236,1903_07_TeamND_TeamA2,313,73.0,314,10392073,4,2
84276,1903_07_TeamND_TeamA2,322,76.0,323,10779073,4,2
84396,1902_20_TeamME_TeamA2,8,2.0,8,197828,6,2
84453,1902_20_TeamME_TeamA2,23,6.0,23,683028,4,2
84512,1902_20_TeamME_TeamA2,34,11.0,34,1150328,6,2
84564,1902_20_TeamME_TeamA2,49,15.0,49,1733328,3,2
84578,1902_20_TeamME_TeamA2,53,16.0,53,1832428,5,2
84608,1902_20_TeamME_TeamA2,61,18.0,61,2022428,3,2
84652,1902_20_TeamME_TeamA2,72,21.0,72,2444428,5,2
84705,1902_20_TeamME_TeamA2,82,25.0,82,2834528,6,2
84749,1902_20_TeamME_TeamA2,95,27.0,95,3251128,4,2
84792,1902_20_TeamME_TeamA2,105,32.0,105,3747728,4,2
84867,1902_20_TeamME_TeamA2,124,37.0,124,4385978,5,2
84889,1902_20_TeamME_TeamA2,129,38.0,129,4610528,4,2
84932,1902_20_TeamME_TeamA2,141,41.0,141,5009178,4,2
84952,1902_20_TeamME_TeamA2,146,42.0,146,5237528,4,2
85055,1902_20_TeamME_TeamA2,171,47.0,171,6308678,4,2
85139,1902_20_TeamME_TeamA2,193,,193,7094078,6,2
85161,1902_20_TeamME_TeamA2,198,,198,7234978,6,2
85269,1902_20_TeamME_TeamA2,229,60.0,229,8662028,3,2
85284,1902_20_TeamME_TeamA2,232,61.0,232,8860028,5,2
85514,1902_20_TeamME_TeamA2,298,74.0,298,10891428,3,2
85587,1903_04_TeamNC_TeamA1,10,4.0,11,312619,3,2
85646,1903_04_TeamNC_TeamA1,25,7.0,27,841619,4,2
85690,1903_04_TeamNC_TeamA1,36,9.0,38,1187019,3,2
85700,1903_04_TeamNC_TeamA1,38,10.0,40,1349969,3,2
85740,1903_04_TeamNC_TeamA1,49,13.0,51,1737719,6,2
85809,1903_04_TeamNC_TeamA1,65,18.0,67,2206719,3,2
85819,1903_04_TeamNC_TeamA1,67,19.0,69,2383419,5,2
85974,1903_04_TeamNC_TeamA1,109,29.0,114,3906619,4,2
85985,1903_04_TeamNC_TeamA1,111,30.0,116,3958669,5,2
86023,1903_04_TeamNC_TeamA1,121,32.0,126,4379269,5,2
86110,1903_04_TeamNC_TeamA1,144,38.0,149,5139769,5,2
86217,1902_30_TeamMF_TeamA2,29,9.0,29,907104,6,2
86251,1902_30_TeamMF_TeamA2,37,11.0,37,1189104,4,2
86297,1902_30_TeamMF_TeamA2,51,,51,1567054,5,2
86581,1902_30_TeamMF_TeamA2,130,32.0,130,4076979,3,2
86658,1902_30_TeamMF_TeamA2,150,,150,4861729,4,2
86681,1902_30_TeamMF_TeamA2,155,39.0,155,5212479,4,2
86770,1902_30_TeamMF_TeamA2,178,43.0,178,6065329,4,2
86813,1902_30_TeamMF_TeamA2,186,46.0,186,6410679,4,2
86845,1902_30_TeamMF_TeamA2,194,48.0,194,6723079,5,2
86928,1902_30_TeamMF_TeamA2,216,54.0,216,7639429,3,2
86965,1902_30_TeamMF_TeamA2,227,56.0,227,7853579,6,2
87039,1902_30_TeamMF_TeamA2,248,61.0,248,8590479,6,2
87128,1902_30_TeamMF_TeamA2,273,67.0,273,9496379,4,2
87285,1902_30_TeamMF_TeamA2,320,76.0,320,11418164,4,2
87307,1902_17_TeamMB_TeamA1,2,1.0,2,54734,4,2
87335,1902_17_TeamMB_TeamA1,9,3.0,9,195534,4,2
87462,1902_17_TeamMB_TeamA1,38,9.0,38,1311284,4,2
87531,1902_17_TeamMB_TeamA1,54,13.0,54,1778234,5,2
87543,1902_17_TeamMB_TeamA1,56,14.0,56,1836534,6,2
87552,1902_17_TeamMB_TeamA1,57,15.0,57,1880134,6,2
87564,1902_17_TeamMB_TeamA1,59,16.0,59,2043534,4,2
87604,1902_17_TeamMB_TeamA1,70,19.0,70,2371384,3,2
87641,1902_17_TeamMB_TeamA1,80,22.0,80,2704934,4,2
87649,1902_17_TeamMB_TeamA1,81,23.0,81,2741384,3,2
87656,1902_17_TeamMB_TeamA1,82,24.0,82,2825734,3,2
87664,1902_17_TeamMB_TeamA1,83,25.0,83,2867134,3,2
87742,1902_17_TeamMB_TeamA1,99,30.0,99,3421320,4,2
87756,1902_17_TeamMB_TeamA1,102,31.0,102,3611870,6,2
87764,1902_17_TeamMB_TeamA1,103,32.0,103,3640270,6,2
87806,1902_17_TeamMB_TeamA1,115,36.0,116,4222418,3,2
87841,1902_17_TeamMB_TeamA1,123,38.0,124,4552118,6,2
87855,1902_17_TeamMB_TeamA1,126,39.0,127,4613618,3,2
87868,1902_17_TeamMB_TeamA1,129,40.0,130,4682668,6,2
87903,1902_17_TeamMB_TeamA1,139,42.0,140,4982718,3,2
87943,1902_17_TeamMB_TeamA1,151,44.0,152,5367368,3,2
87958,1902_17_TeamMB_TeamA1,155,45.0,156,5467068,3,2
88026,1902_17_TeamMB_TeamA1,172,49.0,173,6050118,5,2
88101,1902_17_TeamMB_TeamA1,193,52.0,194,6925082,4,2
88142,1902_17_TeamMB_TeamA1,202,54.0,203,7114332,4,2
88298,1902_17_TeamMB_TeamA1,246,62.0,247,8514182,4,2
88739,1901_05_TeamLI_TeamA3,119,,119,4004852,5,2
88837,1901_05_TeamLI_TeamA3,150,,150,5098051,3,2
89176,1901_05_TeamLI_TeamA3,247,,247,8482447,4,2
89487,1901_05_TeamLI_TeamA3,334,,334,11424395,6,2
89609,1902_08_TeamMJ_TeamB,13,3.0,13,387844,4,2
89674,1902_08_TeamMJ_TeamB,29,8.0,29,1002694,3,2
89890,1902_08_TeamMJ_TeamB,86,22.0,86,3112644,6,2
89935,1902_08_TeamMJ_TeamB,99,25.0,99,3617494,3,2
89975,1902_08_TeamMJ_TeamB,108,27.0,108,3960344,6,2
90031,1902_08_TeamMJ_TeamB,123,31.0,123,4407944,5,2
90073,1902_08_TeamMJ_TeamB,133,33.0,133,4873194,4,2
90161,1902_08_TeamMJ_TeamB,158,39.0,158,6114994,3,2
90170,1902_08_TeamMJ_TeamB,160,40.0,160,6309694,4,2
90187,1902_08_TeamMJ_TeamB,164,41.0,164,6411944,5,2
90307,1902_08_TeamMJ_TeamB,195,49.0,195,7671144,3,2
90429,1902_08_TeamMJ_TeamB,227,58.0,227,8699944,6,2
90447,1902_08_TeamMJ_TeamB,230,59.0,230,8776794,4,2
90614,1902_08_TeamMJ_TeamB,276,71.0,276,10584544,5,2
90646,1902_08_TeamMJ_TeamB,285,73.0,285,10812844,6,2
90738,1902_08_TeamMJ_TeamB,311,81.0,311,11904955,4,2
90756,1902_08_TeamMJ_TeamB,316,82.0,316,12221955,4,2
90769,1902_08_TeamMJ_TeamB,318,83.0,318,12280905,6,2
90784,1902_08_TeamMJ_TeamB,321,84.0,321,12362405,6,2
90919,1902_08_TeamMJ_TeamB,357,93.0,357,13677505,6,2
91061,1903_10_TeamNJ_TeamB,5,2.0,6,152839,3,2
91099,1903_10_TeamNJ_TeamB,12,5.0,13,459739,4,2
91133,1903_10_TeamNJ_TeamB,18,7.0,19,624139,4,2
91199,1903_10_TeamNJ_TeamB,38,11.0,41,1304539,6,2
91284,1903_10_TeamNJ_TeamB,60,16.0,63,2091489,6,2
91311,1903_10_TeamNJ_TeamB,67,17.0,70,2268389,5,2
91342,1903_10_TeamNJ_TeamB,73,20.0,76,2551289,6,2
91421,1903_10_TeamNJ_TeamB,95,24.0,99,3318689,4,2
91582,1903_10_TeamNJ_TeamB,137,34.0,141,4689989,4,2
91814,1903_10_TeamNJ_TeamB,200,51.0,204,7050722,4,2
91890,1903_10_TeamNJ_TeamB,220,59.0,224,7702022,6,2
91929,1903_10_TeamNJ_TeamB,230,62.0,234,8037822,5,2
92000,1903_10_TeamNJ_TeamB,247,66.0,251,8642422,6,2
92071,1903_29_TeamNF_TeamA2,16,3.0,16,300954,3,2
92103,1903_29_TeamNF_TeamA2,24,4.0,24,616504,5,2
92142,1903_29_TeamNF_TeamA2,31,6.0,31,934254,4,2
92243,1903_29_TeamNF_TeamA2,60,13.0,60,1832054,5,2
92269,1903_29_TeamNF_TeamA2,67,16.0,67,2185529,5,2
92303,1903_29_TeamNF_TeamA2,76,18.0,76,2492529,6,2
92448,1903_29_TeamNF_TeamA2,114,28.0,114,3805221,6,2
92514,1903_29_TeamNF_TeamA2,130,31.0,130,4382921,4,2
92561,1903_29_TeamNF_TeamA2,143,34.0,143,4802971,5,2
92747,1903_29_TeamNF_TeamA2,197,46.0,197,6619821,4,2
92802,1903_29_TeamNF_TeamA2,211,49.0,211,7029871,4,2
92879,1903_29_TeamNF_TeamA2,232,54.0,232,7824221,5,2
92968,1903_29_TeamNF_TeamA2,254,61.0,254,8745671,4,2
92976,1903_29_TeamNF_TeamA2,255,62.0,255,8891721,4,2
92996,1903_29_TeamNF_TeamA2,260,64.0,260,9045471,4,2
93160,1901_17_TeamLH_TeamA3,12,,16,323044,5,2
93310,1901_17_TeamLH_TeamA3,50,,54,1470339,4,2
93348,1901_17_TeamLH_TeamA3,61,,66,1830038,6,2
93551,1901_17_TeamLH_TeamA3,112,,117,3607337,6,2
93645,1901_17_TeamLH_TeamA3,140,,145,4532386,6,2
93721,1901_17_TeamLH_TeamA3,163,,168,5238785,4,2
93826,1901_17_TeamLH_TeamA3,188,,193,6442034,6,2
93997,1901_17_TeamLH_TeamA3,240,,245,8210682,4,2
94053,1901_17_TeamLH_TeamA3,252,,258,8772732,4,2
94086,1901_17_TeamLH_TeamA3,260,,266,9061881,5,2
94169,1901_17_TeamLH_TeamA3,283,,289,9877381,6,2
94306,1901_17_TeamLH_TeamA3,324,,330,11453329,3,2
94328,1901_17_TeamLH_TeamA3,330,,336,11593379,4,2
94376,1901_17_TeamLH_TeamA3,340,,346,12083178,4,2
94421,1901_15_TeamLL_TeamB,2,,2,16921,4,2
94467,1901_15_TeamLL_TeamB,14,,14,323021,6,2
94555,1901_15_TeamLL_TeamB,38,,38,1258570,4,2
94739,1901_15_TeamLL_TeamB,91,,91,3010569,4,2
94894,1901_15_TeamLL_TeamB,132,,132,4509917,5,2
94916,1901_15_TeamLL_TeamB,137,,137,4671117,6,2
94992,1901_15_TeamLL_TeamB,156,,156,5357316,3,2
95159,1901_15_TeamLL_TeamB,206,,206,7393814,6,2
95187,1901_15_TeamLL_TeamB,213,,213,7764564,4,2
95224,1901_15_TeamLL_TeamB,223,,223,8070864,5,2
95257,1901_15_TeamLL_TeamB,232,,232,8429613,6,2
95317,1901_15_TeamLL_TeamB,248,,248,9205113,4,2
95505,1903_13_TeamNG_TeamA3,49,13.0,49,1461084,4,2
95538,1903_13_TeamNG_TeamA3,56,16.0,56,1775784,4,2
95555,1903_13_TeamNG_TeamA3,60,17.0,60,1865534,6,2
95899,1903_13_TeamNG_TeamA3,162,40.0,162,5305484,3,2
96050,1903_13_TeamNG_TeamA3,207,52.0,207,6886684,4,2
96149,1903_13_TeamNG_TeamA3,236,60.0,236,8076734,6,2
96226,1903_13_TeamNG_TeamA3,255,64.0,255,8799684,4,2
96350,1903_21_TeamNL_TeamB,36,9.0,38,1109808,5,2
96365,1903_21_TeamNL_TeamB,39,10.0,41,1175508,6,2
96410,1903_21_TeamNL_TeamB,50,13.0,52,1506208,3,2
96458,1903_21_TeamNL_TeamB,62,17.0,64,1918158,5,2
96515,1903_21_TeamNL_TeamB,74,22.0,76,2385908,6,2
96621,1903_21_TeamNL_TeamB,100,29.0,102,3190108,6,2
96632,1903_21_TeamNL_TeamB,101,30.0,103,3348708,6,2
96650,1903_21_TeamNL_TeamB,105,32.0,108,3456608,6,2
96719,1903_21_TeamNL_TeamB,124,37.0,127,4047008,5,2
96749,1903_21_TeamNL_TeamB,132,39.0,135,4525358,6,2
96781,1903_21_TeamNL_TeamB,139,42.0,142,4828058,5,2
96903,1903_21_TeamNL_TeamB,167,51.0,170,5815758,4,2
96924,1903_21_TeamNL_TeamB,172,53.0,175,5952508,4,2
97090,1903_30_TeamNF_TeamA2,1,1.0,1,16397,6,2
97193,1903_30_TeamNF_TeamA2,30,6.0,30,767247,5,2
97206,1903_30_TeamNF_TeamA2,32,7.0,32,832547,6,2
97408,1903_30_TeamNF_TeamA2,87,20.0,87,2424797,5,2
97421,1903_30_TeamNF_TeamA2,89,21.0,89,2596197,3,2
97489,1903_30_TeamNF_TeamA2,106,25.0,106,3163097,6,2
97516,1903_30_TeamNF_TeamA2,113,27.0,113,3320147,5,2
97581,1903_30_TeamNF_TeamA2,131,32.0,131,3952847,6,2
97607,1903_30_TeamNF_TeamA2,138,34.0,138,4203897,4,2
97620,1903_30_TeamNF_TeamA2,140,35.0,140,4261947,6,2
97648,1903_30_TeamNF_TeamA2,147,36.0,147,4512747,5,2
97734,1903_30_TeamNF_TeamA2,171,43.0,171,5372497,4,2
97818,1903_30_TeamNF_TeamA2,193,48.0,193,6011647,5,2
97877,1903_30_TeamNF_TeamA2,205,52.0,205,6458247,6,2
97888,1903_30_TeamNF_TeamA2,207,53.0,207,6625547,6,2
97910,1903_30_TeamNF_TeamA2,212,55.0,212,6759947,6,2
98101,1903_30_TeamNF_TeamA2,259,69.0,259,8530197,5,2
98170,1903_06_TeamND_TeamA2,17,5.0,17,462524,6,2
98233,1903_06_TeamND_TeamA2,29,9.0,29,820324,4,2
98260,1903_06_TeamND_TeamA2,36,11.0,36,1059374,6,2
98327,1903_06_TeamND_TeamA2,56,17.0,57,1684024,3,2
98446,1903_06_TeamND_TeamA2,88,25.0,90,2746624,6,2
98466,1903_06_TeamND_TeamA2,93,27.0,95,2888174,6,2
98539,1903_06_TeamND_TeamA2,112,34.0,114,3591874,4,2
98583,1903_06_TeamND_TeamA2,123,37.0,125,3951724,4,2
98643,1903_06_TeamND_TeamA2,138,41.0,140,4362174,6,2
98730,1903_06_TeamND_TeamA2,157,46.0,159,5154274,5,2
98923,1903_06_TeamND_TeamA2,207,60.0,210,6961374,6,2
99031,1903_06_TeamND_TeamA2,237,65.0,241,7989774,3,2
99078,1903_06_TeamND_TeamA2,248,68.0,252,8341674,6,2
99131,1903_25_TeamNH_TeamA3,14,3.0,14,341611,6,2
99165,1903_25_TeamNH_TeamA3,21,6.0,21,639061,6,2
99221,1903_25_TeamNH_TeamA3,35,9.0,35,1041411,5,2
99238,1903_25_TeamNH_TeamA3,39,10.0,40,1188561,4,2
99349,1903_25_TeamNH_TeamA3,67,19.0,68,2133761,4,2
99382,1903_25_TeamNH_TeamA3,76,22.0,77,2490761,4,2
99514,1903_25_TeamNH_TeamA3,111,32.0,112,3649461,5,2
99526,1903_25_TeamNH_TeamA3,113,33.0,114,3797661,6,2
99587,1903_25_TeamNH_TeamA3,129,38.0,130,4325861,3,2
99646,1903_25_TeamNH_TeamA3,146,43.0,147,4960561,3,2
99664,1903_25_TeamNH_TeamA3,151,44.0,152,5231061,6,2
99721,1903_25_TeamNH_TeamA3,166,48.0,167,5693411,4,2
99841,1903_25_TeamNH_TeamA3,202,55.0,203,6865511,6,2
99882,1903_25_TeamNH_TeamA3,210,58.0,211,7349311,6,2
99931,1903_25_TeamNH_TeamA3,220,62.0,221,7806561,6,2
99948,1903_25_TeamNH_TeamA3,224,63.0,225,8022411,4,2
100006,1903_25_TeamNH_TeamA3,241,67.0,242,8612911,6,2
100074,1903_25_TeamNH_TeamA3,259,72.0,260,9345711,6,2
100197,1902_21_TeamME_TeamA2,4,1.0,4,53608,6,2
100221,1902_21_TeamME_TeamA2,10,,10,204408,6,2
100267,1902_21_TeamME_TeamA2,21,5.0,21,633908,4,2
100317,1902_21_TeamME_TeamA2,33,,33,904908,6,2
100354,1902_21_TeamME_TeamA2,41,11.0,41,1229158,4,2
100369,1902_21_TeamME_TeamA2,43,12.0,43,1399258,3,2
100396,1902_21_TeamME_TeamA2,48,14.0,48,1548508,3,2
100499,1902_21_TeamME_TeamA2,76,22.0,76,2686458,4,2
100506,1902_21_TeamME_TeamA2,77,,77,2725608,3,2
100552,1902_21_TeamME_TeamA2,86,,86,3091708,6,2
100607,1902_21_TeamME_TeamA2,99,31.0,99,3610058,4,2
100649,1902_21_TeamME_TeamA2,111,34.0,111,4020858,6,2
100748,1902_21_TeamME_TeamA2,141,41.0,141,4887358,4,2
100759,1902_21_TeamME_TeamA2,143,42.0,143,5064408,5,2
100847,1902_21_TeamME_TeamA2,164,49.0,164,5862358,3,2
100857,1902_21_TeamME_TeamA2,166,50.0,166,5931208,3,2
100894,1902_21_TeamME_TeamA2,174,53.0,174,6306108,4,2
100928,1902_21_TeamME_TeamA2,181,55.0,181,6486258,3,2
100962,1902_21_TeamME_TeamA2,187,58.0,187,6923808,5,2
101051,1902_21_TeamME_TeamA2,209,65.0,209,7795458,3,2
101557,1901_11_TeamLJ_TeamB,101,,101,3307693,4,2
101675,1901_11_TeamLJ_TeamB,133,,133,4896441,4,2
101708,1901_11_TeamLJ_TeamB,139,,139,5162841,4,2
101735,1901_11_TeamLJ_TeamB,146,,146,5354141,6,2
101764,1901_11_TeamLJ_TeamB,153,,153,5722041,4,2
101771,1901_11_TeamLJ_TeamB,154,,154,5765841,6,2
101808,1901_11_TeamLJ_TeamB,164,,164,6225590,4,2
101897,1901_11_TeamLJ_TeamB,189,,189,7093689,5,2
101913,1901_11_TeamLJ_TeamB,193,,193,7243989,6,2
101952,1901_11_TeamLJ_TeamB,204,,204,7700489,5,2
102014,1901_11_TeamLJ_TeamB,220,,220,8475488,6,2
102112,1901_11_TeamLJ_TeamB,250,,250,9466987,5,2
102216,1901_11_TeamLJ_TeamB,282,,284,10821336,6,2
102240,1901_11_TeamLJ_TeamB,288,,290,11120435,6,2
102268,1901_11_TeamLJ_TeamB,296,,298,11421035,6,2
102331,1902_31_TeamMF_TeamA2,19,5.0,19,520346,5,2
102389,1902_31_TeamMF_TeamA2,35,9.0,35,976246,4,2
102446,1902_31_TeamMF_TeamA2,51,13.0,51,1403646,5,2
102499,1902_31_TeamMF_TeamA2,66,16.0,66,1860696,6,2
102520,1902_31_TeamMF_TeamA2,71,18.0,71,1964196,4,2
102648,1902_31_TeamMF_TeamA2,109,28.0,109,3195896,5,2
102849,1902_31_TeamMF_TeamA2,167,43.0,167,5313696,5,2
102916,1902_31_TeamMF_TeamA2,188,47.0,188,5959246,6,2
102977,1902_31_TeamMF_TeamA2,203,51.0,203,6460146,4,2
103122,1902_31_TeamMF_TeamA2,245,60.0,245,7942046,6,2
103268,1902_31_TeamMF_TeamA2,287,71.0,288,9336846,6,2
103372,1902_31_TeamMF_TeamA2,313,78.0,314,10107046,5,2
