,game_event_index,game_str,play_id,at_bat,play_per_game,timestamp,player_position,event_code,acquire_time,throw_time,1b_receive_time,bounce_1,bounce_2,bounce_3
0,64,1903_01_TeamNE_TeamA2,18,4.0,18,460212,6,2,460212,461301,462225,458529,459255.0,459816.0
1,148,1903_01_TeamNE_TeamA2,38,9.0,38,1092459,5,2,1092459,1094175,1095198,1091832,1092294.0,
2,214,1903_01_TeamNE_TeamA2,58,13.0,58,1616896,6,2,1616896,1618117,1619239,1615081,1616104.0,
3,441,1903_01_TeamNE_TeamA2,117,29.0,117,3638082,6,2,3638082,3639039,3640161,3636300,3637587.0,
4,453,1903_01_TeamNE_TeamA2,119,30.0,119,3794238,6,2,3794238,3795327,3796416,3792093,3793149.0,3793776.0
5,716,1903_01_TeamNE_TeamA2,185,47.0,185,6119948,4,2,6119948,6121268,6121961,6118133,6119189.0,
6,887,1903_01_TeamNE_TeamA2,230,60.0,231,7469914,4,2,7469914,7470706,7472455,7467835,7468759.0,7469320.0
7,1015,1903_01_TeamNE_TeamA2,260,68.0,261,8667386,4,2,8667386,8668772,8669663,8666099,8666495.0,8666792.0
8,1254,1903_01_TeamNE_TeamA2,326,84.0,327,10931419,5,2,10931419,10932706,10933696,10930363,10930990.0,
9,1357,1903_16_TeamNI_TeamA3,25,8.0,26,738168,6,2,738168,739218,740018,735968,737468.0,
10,1592,1903_16_TeamNI_TeamA3,82,25.0,83,2514968,5,2,2514968,2516768,2518018,2514718,,
11,1834,1903_16_TeamNI_TeamA3,141,42.0,142,4505668,6,2,4505668,4506768,4507618,4503818,4504318.0,4504918.0
12,1914,1903_16_TeamNI_TeamA3,162,47.0,163,5181518,5,2,5181518,5182318,5183268,5178818,5180368.0,5181018.0
13,1965,1903_16_TeamNI_TeamA3,177,50.0,178,5673418,4,2,5673418,5674968,5675768,5671818,5672868.0,
14,2120,1903_16_TeamNI_TeamA3,219,59.0,220,6927268,4,2,6927268,6928618,6929468,6925918,6926368.0,6926818.0
15,2335,1903_16_TeamNI_TeamA3,276,73.0,277,8891321,6,2,8891321,8892321,8893021,8888871,8890121.0,8890821.0
16,2623,1902_02_TeamMG_TeamA3,68,17.0,68,2183769,4,2,2183769,2184519,2185269,2181419,2182069.0,2182619.0
17,2665,1902_02_TeamMG_TeamA3,79,20.0,79,2565169,6,2,2565169,2566269,2567269,2563319,2563869.0,2564369.0
18,2960,1902_02_TeamMG_TeamA3,161,38.0,161,5580619,6,2,5580619,5581519,5582869,5578669,5579819.0,5580419.0
19,3048,1902_02_TeamMG_TeamA3,185,44.0,185,6357469,4,2,6357469,6358919,6359669,6355769,6356519.0,6357069.0
20,3265,1902_02_TeamMG_TeamA3,249,57.0,249,8588669,5,2,8588669,8590019,8591069,8587019,8588319.0,
21,3435,1902_02_TeamMG_TeamA3,296,68.0,296,10142219,4,2,10142219,10143119,10144219,10141569,,
22,3585,1902_02_TeamMG_TeamA3,337,78.0,337,11515119,5,2,11515119,11516519,11517419,11513269,11513769.0,11514169.0
23,3606,1902_02_TeamMG_TeamA3,341,80.0,341,11640569,4,2,11640569,11642119,11642919,11639719,11640219.0,
24,3663,1902_02_TeamMG_TeamA3,354,84.0,354,12108669,4,2,12108669,12109419,12110319,12106269,12108169.0,
25,3676,1902_02_TeamMG_TeamA3,356,85.0,356,12278719,4,2,12278719,12279569,12280419,12276519,12277569.0,12278169.0
26,3686,1902_02_TeamMG_TeamA3,358,86.0,358,12325369,5,2,12325369,12326819,12327969,12324069,,
27,3917,1903_08_TeamNJ_TeamB,54,13.0,55,1852267,4,2,1852267,1853417,1854167,1850167,1851567.0,
28,3952,1903_08_TeamNJ_TeamB,64,15.0,65,2156517,6,2,2156517,2157467,2158467,2154467,2155967.0,
29,4043,1903_08_TeamNJ_TeamB,90,23.0,91,3041067,5,2,3041067,3042117,3043117,3039117,3040567.0,
30,4084,1903_08_TeamNJ_TeamB,101,27.0,102,3418567,4,2,3418567,3419067,3419967,3416067,3418017.0,
31,4095,1903_08_TeamNJ_TeamB,103,28.0,104,3570417,6,2,3570417,3571017,3572067,3568417,3570017.0,
32,4112,1903_08_TeamNJ_TeamB,107,29.0,108,3650617,4,2,3650617,3651467,3652267,3648117,3649867.0,
33,4181,1903_08_TeamNJ_TeamB,124,36.0,125,4255267,5,2,4255267,4257267,4258467,4254867,,
34,4385,1903_08_TeamNJ_TeamB,173,53.0,174,6133517,4,2,6133517,6134917,6136117,6131667,6132967.0,
35,4396,1903_08_TeamNJ_TeamB,175,54.0,176,6304617,4,2,6304617,6305267,6306367,6303517,6304117.0,
36,4446,1903_08_TeamNJ_TeamB,190,57.0,191,6785667,6,2,6785667,6786567,6787667,6783617,6785017.0,
37,4458,1903_08_TeamNJ_TeamB,192,58.0,193,6847767,6,2,6847767,6849067,6850317,6846167,6846917.0,6847317.0
38,4530,1903_08_TeamNJ_TeamB,213,65.0,214,7644017,5,2,7644017,7644567,7645617,7641667,7642567.0,7643117.0
39,4601,1903_08_TeamNJ_TeamB,232,70.0,233,8366817,6,2,8366817,8367617,8368817,8364917,8366067.0,8366467.0
40,5283,1900_08_TeamKL_TeamB,186,,186,6935640,5,2,6935640,6936168,6937224,6934122,6934518.0,
41,5720,1903_23_TeamNA_TeamA1,26,4.0,26,673010,4,2,673010,674610,675110,671260,671810.0,672160.0
42,5793,1903_23_TeamNA_TeamA1,46,9.0,47,1232610,5,2,1232610,1233560,1234460,1230510,1231960.0,
43,5870,1903_23_TeamNA_TeamA1,67,16.0,69,2019694,4,2,2019694,2021044,2021644,2017694,2019194.0,
44,6046,1903_23_TeamNA_TeamA1,110,31.0,113,3544494,4,2,3544494,3546194,3546944,3543444,,
45,6069,1903_23_TeamNA_TeamA1,115,32.0,119,3672994,4,2,3672994,3674094,3674844,3671394,3671844.0,3672194.0
46,6164,1903_23_TeamNA_TeamA1,140,37.0,144,4398894,4,2,4398894,4399694,4401894,4398044,4398794.0,
47,6571,1903_23_TeamNA_TeamA1,254,64.0,262,8029194,4,2,8029194,8030344,8030994,8027144,8027894.0,8028394.0
48,6634,1903_23_TeamNA_TeamA1,273,67.0,281,8582544,6,2,8582544,8583694,8584644,8580744,8581244.0,
49,6710,1902_19_TeamME_TeamA2,23,4.0,23,533437,5,2,533437,535237,536437,532287,532987.0,
50,6717,1902_19_TeamME_TeamA2,24,5.0,24,742452,6,2,742452,744002,745152,742352,,
51,6857,1902_19_TeamME_TeamA2,62,13.0,62,2297752,4,2,2297752,2299352,2300302,2296952,2297502.0,
52,7199,1902_19_TeamME_TeamA2,154,32.0,154,5366502,6,2,5366502,5367852,5369102,5365602,5365952.0,
53,7226,1902_19_TeamME_TeamA2,161,33.0,161,5536802,5,2,5536802,5538052,5539302,5535002,5536452.0,
54,7411,1902_19_TeamME_TeamA2,213,47.0,213,7574002,4,2,7574002,7575352,7576202,7573302,,
55,7485,1902_19_TeamME_TeamA2,235,52.0,235,8277102,4,2,8277102,8278052,8279002,8276102,8276752.0,
56,7515,1902_19_TeamME_TeamA2,243,54.0,243,8572852,4,2,8572852,8575102,8575802,8571302,8571802.0,8572252.0
57,7586,1902_19_TeamME_TeamA2,261,,261,9284202,4,2,9284202,9285252,9286002,9282002,9283752.0,
58,7660,1902_19_TeamME_TeamA2,280,64.0,280,9925402,4,2,9925402,9926652,9927252,9923402,9924852.0,
59,7925,1901_08_TeamLK_TeamB,62,,62,1878892,6,2,1878892,1880192,1881442,1877742,1878542.0,
60,8017,1901_08_TeamLK_TeamB,84,,84,2802141,4,2,2802141,2802941,2803691,2800091,2801691.0,
61,8118,1901_08_TeamLK_TeamB,111,,111,3585090,6,2,3585090,3585790,3586840,3582940,3584290.0,3585040.0
62,8141,1901_08_TeamLK_TeamB,117,,117,3867690,6,2,3867690,3869340,3870240,3866190,3867140.0,
63,8229,1901_08_TeamLK_TeamB,139,,139,4690739,6,2,4690739,4691639,4692839,4689039,4690189.0,
64,8246,1901_08_TeamLK_TeamB,143,,143,4910039,4,2,4910039,4911439,4912389,4908739,4909489.0,
65,8308,1901_08_TeamLK_TeamB,158,,158,5456438,6,2,5456438,5456888,5457888,5453538,5455238.0,5455988.0
66,8407,1901_08_TeamLK_TeamB,184,,185,6573037,5,2,6573037,6574237,6575537,6571587,6572137.0,6572587.0
67,8441,1901_08_TeamLK_TeamB,193,,194,6959787,5,2,6959787,6960887,6961887,6957787,6959337.0,
68,8646,1901_08_TeamLK_TeamB,248,,249,9217785,6,2,9217785,9219035,9220185,9216485,9216985.0,9217535.0
69,8963,1902_22_TeamMA_TeamA1,75,21.0,75,2638540,4,2,2638540,2639040,2639940,2635890,2637490.0,2638240.0
70,9000,1902_22_TeamMA_TeamA1,84,24.0,84,3054240,6,2,3054240,3054840,3055890,3052040,3052690.0,3053790.0
71,9084,1902_22_TeamMA_TeamA1,104,30.0,104,3681740,4,2,3681740,3682640,3683490,3679740,3680740.0,3681340.0
72,9271,1902_22_TeamMA_TeamA1,155,44.0,155,5519840,4,2,5519840,5521240,5521990,5518240,5519390.0,
73,9282,1902_22_TeamMA_TeamA1,157,45.0,157,5679790,5,2,5679790,5681840,5682990,5679190,5679540.0,
74,9307,1902_22_TeamMA_TeamA1,161,47.0,161,5780040,4,2,5780040,5781190,5782090,5778140,5779290.0,5779940.0
75,9322,1902_22_TeamMA_TeamA1,164,48.0,164,5859040,6,2,5859040,5860240,5860990,5857040,5858590.0,
76,9384,1902_22_TeamMA_TeamA1,182,52.0,182,6391390,6,2,6391390,6392290,6393090,6389040,6390040.0,6390540.0
77,9431,1902_22_TeamMA_TeamA1,193,55.0,193,6793790,6,2,6793790,6794440,6795790,6792190,6792840.0,6793440.0
78,9441,1902_22_TeamMA_TeamA1,195,56.0,195,6840940,5,2,6840940,6841540,6842490,6840190,,
79,9661,1902_22_TeamMA_TeamA1,249,73.0,249,8903090,4,2,8903090,8903940,8904740,8901490,8901940.0,8902340.0
80,9762,1902_12_TeamMI_TeamA3,13,4.0,13,302654,6,2,302654,303604,304404,300404,301704.0,302304.0
81,10230,1902_12_TeamMI_TeamA3,138,37.0,138,4692704,6,2,4692704,4693304,4694254,4690254,4692104.0,
82,10354,1902_12_TeamMI_TeamA3,174,45.0,174,6078454,5,2,6078454,6079654,6080854,6077004,6078004.0,
83,10458,1902_12_TeamMI_TeamA3,196,53.0,196,7125554,5,2,7125554,7126154,7127054,7122954,7124804.0,
84,10499,1902_12_TeamMI_TeamA3,208,55.0,208,7442804,4,2,7442804,7444004,7444854,7440754,7442354.0,
85,10692,1902_12_TeamMI_TeamA3,260,68.0,260,9358454,6,2,9358454,9359354,9360154,9356054,9357754.0,
86,10717,1902_12_TeamMI_TeamA3,266,71.0,266,9669204,5,2,9669204,9670804,9672104,9668104,9668754.0,
87,10930,1903_11_TeamNC_TeamA1,52,16.0,52,1707650,4,2,1707650,1709650,1710450,1706500,1707000.0,1707400.0
88,10958,1903_11_TeamNC_TeamA1,59,18.0,59,1991100,6,2,1991100,1992100,1993250,1988950,1990550.0,
89,11078,1903_11_TeamNC_TeamA1,90,25.0,90,2970250,4,2,2970250,2971150,2971700,2967600,2969650.0,
90,11111,1903_11_TeamNC_TeamA1,98,28.0,99,8602086,4,2,8602086,8603086,8603986,8600186,8600636.0,8600936.0
91,11168,1903_11_TeamNC_TeamA1,110,32.0,111,9098486,4,2,9098486,9099286,9099986,9097736,,
92,11507,1903_11_TeamNC_TeamA1,188,56.0,189,11732336,5,2,11732336,11734336,11735486,11732186,,
93,11534,1903_11_TeamNC_TeamA1,193,58.0,194,11956536,4,2,11956536,11957736,11959286,11954886,11955336.0,11955886.0
94,11572,1903_11_TeamNC_TeamA1,200,61.0,201,12241436,4,2,12241436,12242436,12243286,12239286,12240886.0,
95,11700,1903_11_TeamNC_TeamA1,231,72.0,233,13505136,5,2,13505136,13506236,13507336,13503536,13504286.0,13504786.0
96,11830,1903_11_TeamNC_TeamA1,259,82.0,261,14537736,4,2,14537736,14539286,14540036,14536386,14536836.0,14537136.0
97,11848,1903_11_TeamNC_TeamA1,263,84.0,265,14625086,5,2,14625086,14626236,14627236,14623386,14624186.0,14624736.0
98,11858,1903_11_TeamNC_TeamA1,264,85.0,266,14748836,6,2,14748836,14749636,14750936,14747136,14747736.0,14748136.0
99,11894,1900_07_TeamKL_TeamB,8,,8,155650,6,2,155650,156937,158125,154528,,
100,11907,1900_07_TeamKL_TeamB,11,,11,208953,6,2,208953,209976,210867,208524,,
101,11924,1900_07_TeamKL_TeamB,15,,15,403584,6,2,403584,404673,405861,402462,402858.0,
102,11948,1900_07_TeamKL_TeamB,21,,21,515141,4,2,515141,516527,517682,513788,514283.0,
103,12160,1900_07_TeamKL_TeamB,83,,83,2366992,6,2,2366992,2367850,2369798,2366233,,
104,12352,1900_07_TeamKL_TeamB,131,,131,4142370,4,2,4142370,4143294,4144020,4140852,,
105,12365,1900_07_TeamKL_TeamB,134,,134,4316406,5,2,4316406,4317330,4318353,4316274,,
106,12449,1900_07_TeamKL_TeamB,156,,156,5192592,5,2,5192592,5193912,5195232,5192130,,
107,12558,1900_07_TeamKL_TeamB,185,,185,6462034,6,2,6462034,6462892,6464278,6460549,,
108,12683,1902_13_TeamMD_TeamA2,17,5.0,17,614130,4,2,614130,615280,616280,612180,613780.0,
109,12708,1902_13_TeamMD_TeamA2,20,8.0,20,758330,4,2,758330,759080,759880,755830,757830.0,
110,12835,1902_13_TeamMD_TeamA2,44,17.0,44,1677130,6,2,1677130,1678830,1679680,1675780,1676430.0,1676880.0
111,12993,1902_13_TeamMD_TeamA2,88,28.0,88,3238830,5,2,3238830,3241080,3242080,3238030,3238680.0,
112,13008,1902_13_TeamMD_TeamA2,91,29.0,91,3322080,4,2,3322080,3323230,3324030,3320180,3320980.0,3321730.0
113,13072,1902_13_TeamMD_TeamA2,108,33.0,108,3926230,5,2,3926230,3928030,3928980,3925380,3925980.0,
114,13566,1902_13_TeamMD_TeamA2,248,67.0,248,8690130,6,2,8690130,8691530,8692730,8688680,8689330.0,8689830.0
115,13619,1902_13_TeamMD_TeamA2,264,70.0,264,9060530,6,2,9060530,9061880,9062930,9059030,9060030.0,
116,13839,1902_13_TeamMD_TeamA2,318,84.0,318,11166830,6,2,11166830,11168580,11169730,11165730,11166180.0,11166530.0
117,13883,1903_17_TeamNI_TeamA3,6,1.0,6,83769,6,2,83769,84869,85969,81969,82519.0,82869.0
118,14007,1903_17_TeamNI_TeamA3,43,12.0,43,1425383,4,2,1425383,1427233,1427983,1424033,1424433.0,1424883.0
119,14168,1903_17_TeamNI_TeamA3,84,23.0,84,2835933,4,2,2835933,2837583,2838333,2834233,2834933.0,2835483.0
120,14223,1903_17_TeamNI_TeamA3,98,29.0,98,3511663,5,2,3511663,3513363,3514463,3510963,3511313.0,
121,14262,1903_17_TeamNI_TeamA3,109,32.0,109,3965213,4,2,3965213,3966013,3966713,3963113,3964613.0,
122,14322,1903_17_TeamNI_TeamA3,121,36.0,121,4486863,4,2,4486863,4488513,4489513,4485563,4485963.0,4486413.0
123,14419,1903_17_TeamNI_TeamA3,138,41.0,138,4948363,4,2,4948363,4948963,4949563,4945463,4947063.0,4947913.0
124,14635,1903_17_TeamNI_TeamA3,193,57.0,193,6971113,4,2,6971113,6972763,6973763,6970363,6970663.0,6971013.0
125,14670,1903_17_TeamNI_TeamA3,203,59.0,203,7281663,6,2,7281663,7282813,7284113,7280913,7281313.0,
126,14751,1903_17_TeamNI_TeamA3,228,63.0,228,7994513,6,2,7994513,7995063,7995963,7991963,7993813.0,
127,14777,1903_17_TeamNI_TeamA3,235,65.0,235,8244963,4,2,8244963,8246363,8247313,8243163,8244463.0,
128,14788,1903_17_TeamNI_TeamA3,237,66.0,237,8289863,5,2,8289863,8291563,8292763,8288613,8289413.0,
129,14848,1903_17_TeamNI_TeamA3,255,71.0,255,8956157,5,2,8956157,8957607,8960157,8954907,8955707.0,
130,14874,1903_27_TeamNK_TeamB,3,2.0,3,92870,6,2,92870,93893,95081,91088,92474.0,
131,15276,1903_27_TeamNK_TeamB,102,32.0,102,3981198,4,2,3981198,3981924,3982815,3979251,3979581.0,3979911.0
132,15347,1903_27_TeamNK_TeamB,123,37.0,123,4657112,6,2,4657112,4657838,4659191,4655165,4656815.0,
133,15405,1903_27_TeamNK_TeamB,135,41.0,135,5029913,4,2,5029913,5030606,5031497,5027702,5028560.0,5029121.0
134,15423,1903_27_TeamNK_TeamB,139,42.0,139,5216825,4,2,5216825,5217353,5218574,5214845,5215868.0,5216462.0
135,15851,1903_27_TeamNK_TeamB,247,74.0,247,9061730,6,2,9061730,9063083,9064139,9060047,9060872.0,9061268.0
136,15948,1903_27_TeamNK_TeamB,273,81.0,273,10025925,4,2,10025925,10026783,10027773,10023912,10024770.0,10025331.0
137,16164,1901_12_TeamLJ_TeamB,58,,58,2049345,5,2,2049345,2050595,2051995,2048495,,
138,16247,1901_12_TeamLJ_TeamB,83,,83,2773894,6,2,2773894,2774394,2775644,2773394,,
139,16478,1901_12_TeamLJ_TeamB,139,,139,4809642,4,2,4809642,4810342,4811242,4808792,,
140,16932,1901_12_TeamLJ_TeamB,263,,263,9125188,6,2,9125188,9125938,9126938,9124438,,
141,16953,1901_12_TeamLJ_TeamB,268,,268,9244738,4,2,9244738,9245338,9246138,9242938,9243638.0,9244138.0
142,16960,1901_12_TeamLJ_TeamB,269,,269,9284038,4,2,9284038,9284888,9285838,9283438,,
143,17021,1902_03_TeamMG_TeamA3,15,4.0,15,472346,4,2,472346,473196,474396,470296,470646.0,470896.0
144,17029,1902_03_TeamMG_TeamA3,16,5.0,16,624946,6,2,624946,625696,626696,623146,624496.0,
145,17063,1902_03_TeamMG_TeamA3,24,7.0,24,803246,5,2,803246,803896,804696,800546,802446.0,
146,17175,1902_03_TeamMG_TeamA3,53,15.0,53,1787396,5,2,1787396,1788796,1789796,1785496,1786946.0,
147,17347,1902_03_TeamMG_TeamA3,99,,99,3187846,5,2,3187846,3189146,3189896,3185646,,
148,17362,1902_03_TeamMG_TeamA3,102,28.0,102,3266446,5,2,3266446,3268496,3269596,3265746,3266096.0,3266346.0
149,17386,1902_03_TeamMG_TeamA3,106,30.0,106,3475846,6,2,3475846,3477246,3478396,3474296,3474796.0,3475096.0
150,17445,1902_03_TeamMG_TeamA3,122,33.0,122,3956746,6,2,3956746,3957596,3958596,3954696,,
151,17461,1902_03_TeamMG_TeamA3,126,34.0,126,4139546,5,2,4139546,4141346,4142246,4138196,,
152,17508,1902_03_TeamMG_TeamA3,137,37.0,137,4453346,4,2,4453346,4454496,4455646,4452496,4453046.0,4453296.0
153,17885,1902_03_TeamMG_TeamA3,230,60.0,230,8069196,4,2,8069196,8070496,8071396,8067896,8068196.0,8068446.0
154,18235,1902_03_TeamMG_TeamA3,321,80.0,321,11555296,4,2,11555296,11555796,11556596,11552646,11554646.0,
155,18386,1900_09_TeamKK_TeamB,35,,35,1156925,6,2,1156925,1158378,1159599,1155902,,
156,18580,1900_09_TeamKK_TeamB,91,,94,3299056,5,2,3299056,3299848,3300673,3298528,,
157,18833,1900_09_TeamKK_TeamB,160,,163,5970522,4,2,5970522,5971776,5972766,5969268,,
158,18868,1900_09_TeamKK_TeamB,170,,173,6324832,4,2,6324832,6325558,6326284,6322257,6323215.0,
159,19248,1901_01_TeamLG_TeamA3,21,,21,681576,6,2,681576,682726,683576,679676,680976.0,
160,19269,1901_01_TeamLG_TeamA3,26,,26,906226,6,2,906226,907276,908576,904676,905276.0,905726.0
161,19280,1901_01_TeamLG_TeamA3,28,,28,957476,4,2,957476,958176,959276,955226,956976.0,
162,19347,1901_01_TeamLG_TeamA3,43,,43,1560925,6,2,1560925,1562175,1563425,1559325,1560425.0,
163,19454,1901_01_TeamLG_TeamA3,72,,72,2383675,6,2,2383675,2385175,2386025,2382475,2382925.0,2383275.0
164,19570,1901_01_TeamLG_TeamA3,103,,103,3386574,5,2,3386574,3388174,3389274,3385524,,
165,19625,1901_01_TeamLG_TeamA3,119,,119,3833673,5,2,3833673,3834523,3835623,3831523,3833173.0,
166,19835,1901_01_TeamLG_TeamA3,176,,176,5883571,6,2,5883571,5884371,5885321,5882221,5882621.0,5882971.0
167,20003,1901_01_TeamLG_TeamA3,223,,223,7346520,6,2,7346520,7347220,7348370,7344620,7345070.0,7345470.0
168,20053,1901_01_TeamLG_TeamA3,235,,235,7810681,5,2,7810681,7811931,7813331,7809031,,
169,20087,1901_01_TeamLG_TeamA3,241,,241,7985631,4,2,7985631,7986731,7987631,7984331,7984781.0,7985081.0
170,20887,1903_22_TeamNA_TeamA1,4,2.0,4,69313,4,2,69313,70513,71263,67513,68913.0,
171,20963,1903_22_TeamNA_TeamA1,20,6.0,20,555513,4,2,555513,556763,557463,554163,554563.0,554813.0
172,21086,1903_22_TeamNA_TeamA1,52,14.0,52,1446613,6,2,1446613,1447863,1449063,1445063,1446113.0,
173,21180,1903_22_TeamNA_TeamA1,76,19.0,77,2148513,4,2,2148513,2150063,2150913,2147663,2148063.0,
174,21403,1903_22_TeamNA_TeamA1,135,34.0,136,3826313,4,2,3826313,3826913,3827463,3823463,3824963.0,3825713.0
175,21479,1903_22_TeamNA_TeamA1,152,41.0,153,4393813,6,2,4393813,4394463,4395563,4391713,4393113.0,
176,21748,1903_22_TeamNA_TeamA1,225,58.0,226,6869513,4,2,6869513,6870313,6871013,6867463,6868263.0,6868763.0
177,21819,1903_22_TeamNA_TeamA1,246,63.0,247,7651663,4,2,7651663,7653313,7654663,7649913,7651463.0,
178,21977,1902_16_TeamMD_TeamA2,24,6.0,24,676856,4,2,676856,678206,679056,675856,676406.0,676806.0
179,22184,1902_16_TeamMD_TeamA2,77,19.0,77,2525967,6,2,2525967,2526717,2527667,2525517,,
180,22214,1902_16_TeamMD_TeamA2,83,22.0,83,2836051,4,2,2836051,2836851,2837701,2833801,2834901.0,2835701.0
181,22222,1902_16_TeamMD_TeamA2,84,23.0,84,2869101,6,2,2869101,2870351,2871601,2867401,2868701.0,
182,22245,1902_16_TeamMD_TeamA2,90,25.0,90,3121801,6,2,3121801,3123001,3124201,3121251,,
183,22324,1902_16_TeamMD_TeamA2,112,31.0,112,3866966,6,2,3866966,3867766,3869016,3864816,3866516.0,
184,22381,1902_16_TeamMD_TeamA2,127,35.0,127,4431516,4,2,4431516,4432416,4433266,4429616,4430566.0,4431116.0
185,22398,1902_16_TeamMD_TeamA2,131,36.0,131,4536066,5,2,4536066,4537016,4538216,4534566,4535516.0,
186,22455,1902_16_TeamMD_TeamA2,146,38.0,146,4924366,4,2,4924366,4925616,4926566,4922766,4923466.0,4923866.0
187,22468,1902_16_TeamMD_TeamA2,149,39.0,149,5099566,5,2,5099566,5101116,5102216,5098166,,
188,22574,1902_16_TeamMD_TeamA2,179,46.0,179,6037366,4,2,6037366,6038466,6039316,6035366,6036216.0,6036566.0
189,22618,1902_16_TeamMD_TeamA2,189,50.0,189,6444566,6,2,6444566,6445616,6446716,6442616,6443816.0,
190,22673,1902_16_TeamMD_TeamA2,205,54.0,205,7178716,5,2,7178716,7180766,7181816,7178316,,
191,22779,1902_16_TeamMD_TeamA2,237,61.0,237,8240616,5,2,8240616,8241666,8242766,8238366,,
192,22813,1902_16_TeamMD_TeamA2,244,64.0,244,8487316,5,2,8487316,8489066,8489916,8485966,,
193,22903,1903_32_TeamNB_TeamA1,3,2.0,3,47938,4,2,47938,48588,49438,46438,46838.0,47338.0
194,22977,1903_32_TeamNB_TeamA1,18,8.0,18,498288,5,2,498288,499788,500888,496988,498188.0,
195,23056,1903_32_TeamNB_TeamA1,39,14.0,40,1105038,5,2,1105038,1105988,1107288,1103638,1104638.0,
196,23071,1903_32_TeamNB_TeamA1,42,15.0,43,1168138,6,2,1168138,1168988,1170138,1167038,1167338.0,1167688.0
197,23120,1903_32_TeamNB_TeamA1,54,20.0,56,1673138,4,2,1673138,1673888,1675138,1672488,,
198,23136,1903_32_TeamNB_TeamA1,58,21.0,60,1744938,6,2,1744938,1745688,1746938,1744488,,
199,23200,1903_32_TeamNB_TeamA1,74,24.0,76,2152038,5,2,2152038,2152888,2153638,2149638,2150738.0,2151438.0
200,23211,1903_32_TeamNB_TeamA1,76,25.0,78,2310238,5,2,2310238,2311288,2312238,2308238,2309638.0,
201,23228,1903_32_TeamNB_TeamA1,80,28.0,83,2574477,6,2,2574477,2575177,2576377,2573877,,
202,23246,1903_32_TeamNB_TeamA1,84,29.0,87,2652227,4,2,2652227,2653577,2654277,2650377,2651377.0,2652077.0
203,23436,1903_32_TeamNB_TeamA1,132,46.0,135,4348927,5,2,4348927,4350527,4351677,4347677,4348477.0,
204,23493,1903_32_TeamNB_TeamA1,144,50.0,147,4757977,6,2,4757977,4758777,4759927,4756077,4756777.0,4757127.0
205,23591,1901_07_TeamLK_TeamB,6,,7,118254,6,2,118254,119454,120604,116804,117854.0,
206,23670,1901_07_TeamLK_TeamB,24,,26,815953,4,2,815953,817403,818153,814053,815253.0,
207,23718,1901_07_TeamLK_TeamB,38,,40,1207903,6,2,1207903,1209103,1210353,1206803,1207153.0,1207553.0
208,23778,1901_07_TeamLK_TeamB,53,,55,1678453,5,2,1678453,1679453,1680453,1676553,1677153.0,
209,23787,1901_07_TeamLK_TeamB,54,,56,1717003,4,2,1717003,1717703,1718753,1715153,1715653.0,1716203.0
210,23830,1901_07_TeamLK_TeamB,66,,68,2238852,5,2,2238852,2240402,2241652,2238202,2238752.0,
211,24045,1901_07_TeamLK_TeamB,125,,127,4367450,5,2,4367450,4368200,4369150,4365250,4366700.0,
212,24194,1901_07_TeamLK_TeamB,164,,166,5984998,5,2,5984998,5985598,5986798,5982798,5984348.0,
213,24259,1901_07_TeamLK_TeamB,182,,184,6642798,5,2,6642798,6644498,6645498,6641648,,
214,24314,1901_07_TeamLK_TeamB,194,,196,7166647,6,2,7166647,7167597,7169197,7165097,7165897.0,7166397.0
215,24507,1901_07_TeamLK_TeamB,249,,251,9380895,4,2,9380895,9382095,9382995,9380195,,
216,24522,1902_23_TeamMA_TeamA1,3,1.0,3,42588,4,2,42588,43088,43688,39688,41288.0,42188.0
217,24536,1902_23_TeamMA_TeamA1,6,2.0,6,104788,4,2,104788,106138,106888,102988,104188.0,
218,24623,1902_23_TeamMA_TeamA1,31,7.0,31,883088,6,2,883088,884288,885238,881438,,
219,24660,1902_23_TeamMA_TeamA1,39,10.0,39,1212338,6,2,1212338,1213138,1214138,1209688,1210888.0,1211688.0
220,24991,1902_23_TeamMA_TeamA1,130,36.0,130,4377088,4,2,4377088,4378388,4379038,4374838,4376388.0,
221,25078,1902_23_TeamMA_TeamA1,152,41.0,152,5080488,6,2,5080488,5081488,5082338,5078388,5079988.0,
222,25324,1902_23_TeamMA_TeamA1,221,55.0,221,7739388,4,2,7739388,7740138,7741038,7737088,7738388.0,
223,25332,1902_23_TeamMA_TeamA1,222,56.0,222,8083288,4,2,8083288,8083838,8084638,8081888,8082838.0,
224,25460,1902_23_TeamMA_TeamA1,255,66.0,255,9313938,4,2,9313938,9314738,9315688,9311588,9313388.0,
225,25684,1902_15_TeamMK_TeamB,24,8.0,24,780964,4,2,780964,781614,782364,778864,779364.0,779714.0
226,25742,1902_15_TeamMK_TeamB,40,11.0,40,1207214,5,2,1207214,1208764,1209864,1205814,1206564.0,1207014.0
227,25796,1902_15_TeamMK_TeamB,53,14.0,53,1544364,4,2,1544364,1545564,1546364,1542564,1543814.0,
228,25939,1902_15_TeamMK_TeamB,93,23.0,93,3026014,4,2,3026014,3027264,3028314,3025364,,
229,25969,1902_15_TeamMK_TeamB,99,26.0,99,3219614,5,2,3219614,3220314,3221264,3217464,3219064.0,
230,26066,1902_15_TeamMK_TeamB,127,35.0,127,4211914,5,2,4211914,4212914,4214314,4210264,4211264.0,4211714.0
231,26302,1902_15_TeamMK_TeamB,183,49.0,183,6143364,4,2,6143364,6144514,6145364,6141714,6142464.0,6142914.0
232,26336,1902_15_TeamMK_TeamB,191,51.0,191,6487664,4,2,6487664,6488664,6489464,6485664,6486114.0,
233,26403,1902_15_TeamMK_TeamB,209,55.0,209,7206914,6,2,7206914,7207964,7208964,7205164,7206314.0,
234,26571,1902_15_TeamMK_TeamB,257,69.0,257,8903064,4,2,8903064,8904364,8905114,8901214,8902464.0,
235,26588,1902_15_TeamMK_TeamB,261,70.0,261,9171114,4,2,9171114,9172514,9173314,9169364,9170564.0,
236,26762,1902_04_TeamML_TeamB,15,5.0,15,396834,4,2,396834,397634,398484,394634,396184.0,
237,26847,1902_04_TeamML_TeamB,39,10.0,39,975934,4,2,975934,977334,978234,973984,975084.0,975834.0
238,26855,1902_04_TeamML_TeamB,40,11.0,40,1116034,6,2,1116034,1116934,1117734,1113934,1115584.0,
239,26871,1902_04_TeamML_TeamB,43,12.0,43,1175784,5,2,1175784,1176334,1177284,1173034,1174384.0,1175084.0
240,26906,1902_04_TeamML_TeamB,53,,53,1443334,5,2,1443334,1445034,1445934,1441984,,
241,27070,1902_04_TeamML_TeamB,93,25.0,93,2821484,5,2,2821484,2822834,2823634,2819384,2820784.0,
242,27111,1902_04_TeamML_TeamB,104,30.0,104,3273334,6,2,3273334,3275084,3275784,3271634,3272584.0,
243,27133,1902_04_TeamML_TeamB,109,31.0,109,3378234,6,2,3378234,3378884,3379834,3375934,3376884.0,3377384.0
244,27140,1902_04_TeamML_TeamB,110,32.0,110,3524684,5,2,3524684,3526134,3527034,3523134,,
245,27253,1902_04_TeamML_TeamB,135,40.0,135,4329834,6,2,4329834,4331084,4332034,4328234,4328984.0,4329434.0
246,27275,1902_04_TeamML_TeamB,140,41.0,140,4448084,6,2,4448084,4449184,4450234,4446634,4447134.0,4447434.0
247,27339,1902_04_TeamML_TeamB,158,48.0,158,5183034,6,2,5183034,5183834,5184684,5180384,5181984.0,5182684.0
248,27364,1902_04_TeamML_TeamB,165,50.0,165,5316434,4,2,5316434,5317034,5318284,5315984,,
249,27482,1902_04_TeamML_TeamB,192,56.0,192,6102134,5,2,6102134,6102634,6103734,6099384,6100734.0,6101384.0
250,27532,1902_04_TeamML_TeamB,205,60.0,205,6774484,6,2,6774484,6775884,6776884,6773384,6773734.0,6773984.0
251,28149,1903_24_TeamNA_TeamA1,60,18.0,60,1816569,4,2,1816569,1817469,1818369,1815519,1816169.0,
252,28341,1903_24_TeamNA_TeamA1,108,30.0,108,3339019,4,2,3339019,3340469,3341269,3337169,3338019.0,3338769.0
253,28407,1903_24_TeamNA_TeamA1,123,35.0,123,3893419,6,2,3893419,3894269,3895219,3892819,,
254,28471,1903_24_TeamNA_TeamA1,142,39.0,142,4482669,4,2,4482669,4484019,4484719,4481719,4482219.0,
255,28492,1903_24_TeamNA_TeamA1,147,40.0,147,4579019,4,2,4579019,4579919,4580719,4577019,4578219.0,4578919.0
256,28531,1903_24_TeamNA_TeamA1,156,43.0,156,4904269,5,2,4904269,4904969,4906069,4902169,4902919.0,4903419.0
257,28594,1903_24_TeamNA_TeamA1,168,48.0,168,5414869,5,2,5414869,5416119,5417169,5413019,5414269.0,
258,28754,1903_24_TeamNA_TeamA1,207,61.0,207,6741969,5,2,6741969,6743769,6744969,6741319,6741769.0,
259,28951,1903_03_TeamNE_TeamA2,36,11.0,36,985678,6,2,985678,986528,987428,983528,984028.0,984428.0
260,29006,1903_03_TeamNE_TeamA2,52,14.0,52,1381528,6,2,1381528,1382178,1383278,1379578,1380328.0,1380928.0
261,29020,1903_03_TeamNE_TeamA2,55,15.0,55,1433078,4,2,1433078,1433928,1434828,1431178,1432428.0,
262,29058,1903_03_TeamNE_TeamA2,62,18.0,62,1729028,4,2,1729028,1730478,1731278,1726928,1727928.0,1728628.0
263,29160,1903_03_TeamNE_TeamA2,90,25.0,91,2604678,5,2,2604678,2605278,2606278,2602528,2603778.0,2604578.0
264,29187,1903_03_TeamNE_TeamA2,96,27.0,97,2731578,6,2,2731578,2733478,2734628,2730378,,
265,29298,1903_03_TeamNE_TeamA2,128,34.0,129,3630978,5,2,3630978,3631678,3632828,3628878,3629678.0,3630178.0
266,29373,1903_03_TeamNE_TeamA2,148,39.0,149,4335328,4,2,4335328,4336028,4336978,4333828,4334478.0,4334978.0
267,29456,1903_03_TeamNE_TeamA2,166,45.0,167,5037728,6,2,5037728,5038778,5039828,5035828,5036728.0,5037278.0
268,29482,1903_03_TeamNE_TeamA2,173,47.0,174,5189178,5,2,5189178,5190528,5191478,5188878,,
269,29497,1903_03_TeamNE_TeamA2,176,48.0,177,5363678,4,2,5363678,5364728,5365478,5361778,5362478.0,5362878.0
270,29635,1903_03_TeamNE_TeamA2,214,57.0,215,6773428,5,2,6773428,6774728,6775878,6772328,6772728.0,6773078.0
271,29692,1903_03_TeamNE_TeamA2,231,62.0,232,7385728,5,2,7385728,7386728,7387828,7383878,,
272,30034,1903_12_TeamNC_TeamA1,24,6.0,24,744698,4,2,744698,746248,746798,743248,,
273,30081,1903_12_TeamNC_TeamA1,35,8.0,35,1072848,5,2,1072848,1074348,1075498,1071448,1072248.0,1072748.0
274,30255,1903_12_TeamNC_TeamA1,81,20.0,81,2625554,4,2,2625554,2626804,2627804,2623954,2624704.0,2625254.0
275,30325,1903_12_TeamNC_TeamA1,100,25.0,100,3277254,5,2,3277254,3278154,3279254,3275354,3276804.0,
276,30384,1903_12_TeamNC_TeamA1,115,29.0,115,3773254,4,2,3773254,3774004,3774854,3771054,3772154.0,3772754.0
277,30410,1903_12_TeamNC_TeamA1,121,30.0,121,3881404,4,2,3881404,3882104,3883004,3879104,3879754.0,3880354.0
278,30444,1903_12_TeamNC_TeamA1,130,33.0,130,4266954,4,2,4266954,4268804,4269554,4265904,4266554.0,
279,30738,1903_12_TeamNC_TeamA1,208,55.0,209,7572404,6,2,7572404,7573204,7574304,7569804,7571704.0,
280,30782,1903_12_TeamNC_TeamA1,218,57.0,219,7983154,4,2,7983154,7983904,7985004,7980904,7981704.0,7982804.0
281,30844,1903_12_TeamNC_TeamA1,237,62.0,239,8704754,6,2,8704754,8706054,8706954,8704154,8704604.0,
282,30894,1903_09_TeamNJ_TeamB,15,3.0,16,343484,6,2,343484,344834,345784,341684,342834.0,
283,31025,1903_09_TeamNJ_TeamB,50,9.0,51,1484634,4,2,1484634,1485934,1486434,1482434,1483384.0,1484084.0
284,31054,1903_09_TeamNJ_TeamB,58,11.0,59,1729084,4,2,1729084,1730134,1731234,1727134,1728484.0,
285,31065,1903_09_TeamNJ_TeamB,60,15.0,61,2382515,5,2,2382515,2383415,2384765,2381065,2382265.0,
286,31248,1903_09_TeamNJ_TeamB,110,27.0,111,4064215,5,2,4064215,4065915,4066965,4063265,4063715.0,4064065.0
287,31345,1903_09_TeamNJ_TeamB,133,35.0,134,4918815,4,2,4918815,4920115,4921015,4917715,4918115.0,4918665.0
288,31511,1903_09_TeamNJ_TeamB,173,46.0,175,6617115,4,2,6617115,6617865,6619015,6615265,6616515.0,
289,31558,1903_09_TeamNJ_TeamB,186,50.0,189,7207415,4,2,7207415,7208115,7208865,7205015,7206115.0,7206715.0
290,31591,1903_09_TeamNJ_TeamB,193,53.0,196,7467015,5,2,7467015,7468315,7469365,7465615,7465915.0,
291,31653,1903_09_TeamNJ_TeamB,211,57.0,214,8130265,4,2,8130265,8131015,8131715,8127915,8129715.0,
292,31801,1903_09_TeamNJ_TeamB,249,68.0,252,9586165,6,2,9586165,9587415,9588415,9584265,9585415.0,9586015.0
293,31857,1903_09_TeamNJ_TeamB,263,71.0,266,10133265,4,2,10133265,10134965,10135815,10132665,,
294,32015,1903_19_TeamNL_TeamB,11,3.0,12,276201,6,2,276201,277001,278051,274251,275551.0,
295,32029,1903_19_TeamNL_TeamB,14,4.0,15,359451,6,2,359451,361551,362351,358101,359001.0,
296,32064,1903_19_TeamNL_TeamB,23,7.0,24,712751,6,2,712751,713701,715351,711251,711801.0,712151.0
297,32171,1903_19_TeamNL_TeamB,48,13.0,50,1486901,4,2,1486901,1488151,1489201,1485101,1486401.0,
298,32215,1903_19_TeamNL_TeamB,58,17.0,60,1820251,4,2,1820251,1820601,1821251,1816851,1817801.0,1818351.0
299,32255,1903_19_TeamNL_TeamB,67,20.0,69,2125451,4,2,2125451,2126151,2127251,2123251,2123801.0,2124501.0
300,32769,1903_19_TeamNL_TeamB,194,53.0,198,6681401,5,2,6681401,6682001,6683101,6678851,6680351.0,6681101.0
301,33038,1903_19_TeamNL_TeamB,264,70.0,268,8979001,6,2,8979001,8980251,8981351,8977601,8978151.0,8978701.0
302,33049,1903_19_TeamNL_TeamB,265,71.0,269,9013301,6,2,9013301,9013901,9015001,9011051,9011951.0,9012401.0
303,33078,1903_19_TeamNL_TeamB,272,72.0,276,9170501,6,2,9170501,9171201,9172401,9168301,9169001.0,9169451.0
304,33450,1901_13_TeamLL_TeamB,69,,69,2132924,5,2,2132924,2134574,2135574,2131774,,
305,33683,1901_13_TeamLL_TeamB,136,,136,4243872,5,2,4243872,4245022,4246222,4241972,,
306,33702,1901_13_TeamLL_TeamB,140,,140,4339421,6,2,4339421,4340921,4342021,4338721,,
307,33879,1901_13_TeamLL_TeamB,183,,183,6135520,4,2,6135520,6136720,6137820,6134270,6134970.0,
308,33915,1901_13_TeamLL_TeamB,193,,193,6479069,4,2,6479069,6479869,6480769,6476569,6478269.0,
309,33926,1901_13_TeamLL_TeamB,195,,195,6691319,5,2,6691319,6692019,6693119,6689369,6689919.0,
310,33962,1901_13_TeamLL_TeamB,204,,204,6901069,4,2,6901069,6902369,6903219,6900219,6900669.0,
311,34065,1901_13_TeamLL_TeamB,233,,233,8047518,6,2,8047518,8048418,8049468,8045618,8046818.0,
312,34243,1901_02_TeamLG_TeamA3,33,,33,977111,4,2,977111,978261,979161,976761,,
313,34602,1901_02_TeamLG_TeamA3,125,,125,5202695,5,2,5202695,5204295,5205545,5201695,5202145.0,5202445.0
314,34968,1901_02_TeamLG_TeamA3,229,,229,8863692,6,2,8863692,8864442,8865392,8861642,8863142.0,
315,34997,1901_02_TeamLG_TeamA3,236,,236,9198392,6,2,9198392,9199392,9200592,9196492,9197092.0,9197692.0
316,35225,1901_02_TeamLG_TeamA3,296,,296,11315440,6,2,11315440,11316490,11317790,11313840,11314440.0,11314890.0
317,35311,1903_31_TeamNB_TeamA1,18,6.0,18,504742,5,2,504742,505992,507242,503342,504342.0,
318,35442,1903_31_TeamNB_TeamA1,53,16.0,53,1875288,6,2,1875288,1877338,1878388,1874438,1874838.0,1875188.0
319,35715,1903_31_TeamNB_TeamA1,124,35.0,126,4348288,6,2,4348288,4349388,4350638,4346688,4347888.0,
320,35744,1903_31_TeamNB_TeamA1,132,37.0,134,4674138,6,2,4674138,4675388,4676388,4672938,4673588.0,
321,35804,1903_31_TeamNB_TeamA1,150,42.0,152,5204688,4,2,5204688,5205838,5206638,5202738,5203938.0,
322,36056,1903_31_TeamNB_TeamA1,221,59.0,224,7616238,5,2,7616238,7617438,7618538,7614638,7615938.0,
323,36144,1903_31_TeamNB_TeamA1,241,66.0,245,8393288,4,2,8393288,8394238,8395288,8393238,,
324,36290,1903_31_TeamNB_TeamA1,284,76.0,289,9923188,4,2,9923188,9925038,9925888,9922738,,
325,36314,1903_31_TeamNB_TeamA1,290,78.0,295,10198638,4,2,10198638,10200188,10200938,10197138,10197438.0,10197688.0
326,36343,1903_31_TeamNB_TeamA1,297,80.0,302,10356788,4,2,10356788,10357638,10358338,10354938,10355388.0,10355688.0
327,36382,1901_09_TeamLK_TeamB,11,,11,526232,6,2,526232,527682,528632,525432,,
328,36390,1901_09_TeamLK_TeamB,12,,12,566032,6,2,566032,567532,568232,564232,565332.0,
329,36416,1901_09_TeamLK_TeamB,19,,19,826082,6,2,826082,827382,828832,824532,825632.0,
330,36487,1901_09_TeamLK_TeamB,38,,38,1316781,6,2,1316781,1317331,1318681,1314681,1316231.0,
331,36504,1901_09_TeamLK_TeamB,42,,42,1525481,6,2,1525481,1526181,1528081,1524431,1525081.0,
332,36556,1901_09_TeamLK_TeamB,53,,54,2161133,6,2,2161133,2162283,2163133,2159233,2160633.0,
333,36643,1901_09_TeamLK_TeamB,78,,79,2875383,6,2,2875383,2876383,2877483,2874283,2874833.0,
334,36721,1901_09_TeamLK_TeamB,96,,97,3685382,6,2,3685382,3686632,3687682,3684282,3684832.0,
335,36937,1901_09_TeamLK_TeamB,160,,161,6061930,4,2,6061930,6062580,6064480,6059830,6060480.0,6060780.0
336,37063,1901_09_TeamLK_TeamB,193,,194,7363928,4,2,7363928,7364628,7365328,7361828,7362328.0,7362978.0
337,37108,1901_09_TeamLK_TeamB,205,,206,7775578,5,2,7775578,7777328,7778628,7775128,,
338,37120,1901_09_TeamLK_TeamB,207,,208,7825328,6,2,7825328,7826078,7826978,7823478,7825028.0,
339,37537,1902_18_TeamMB_TeamA1,28,7.0,28,844654,6,2,844654,845604,846754,842604,843504.0,844004.0
340,37553,1902_18_TeamMB_TeamA1,31,8.0,31,950504,4,2,950504,951704,953354,947954,948954.0,949454.0
341,37616,1902_18_TeamMB_TeamA1,48,12.0,48,1542004,4,2,1542004,1543304,1544054,1541304,,
342,37737,1902_18_TeamMB_TeamA1,75,20.0,75,2719654,6,2,2719654,2720754,2722004,2718054,2718604.0,2719154.0
343,37775,1902_18_TeamMB_TeamA1,86,21.0,86,2945604,5,2,2945604,2946704,2947654,2943654,2944954.0,
344,37833,1902_18_TeamMB_TeamA1,96,27.0,96,3464654,6,2,3464654,3465854,3466804,3462804,3463504.0,3464004.0
345,37889,1902_18_TeamMB_TeamA1,112,30.0,112,3950604,4,2,3950604,3951504,3952304,3948754,3949454.0,3949904.0
346,38038,1902_18_TeamMB_TeamA1,146,43.0,146,5214104,4,2,5214104,5215454,5216154,5212454,5213654.0,
347,38079,1902_18_TeamMB_TeamA1,158,45.0,158,5741254,6,2,5741254,5742454,5743504,5740804,,
348,38189,1902_18_TeamMB_TeamA1,190,52.0,190,6859104,5,2,6859104,6860754,6861904,6858104,6858454.0,6858654.0
349,38205,1902_18_TeamMB_TeamA1,193,53.0,193,7112754,5,2,7112754,7113304,7114054,7110404,7111554.0,7112054.0
350,38958,1902_10_TeamMI_TeamA3,114,30.0,114,3943031,6,2,3943031,3943731,3944331,3940181,3941581.0,3942281.0
351,39198,1902_10_TeamMI_TeamA3,176,48.0,176,6331281,5,2,6331281,6332881,6333981,6329931,6330581.0,6331081.0
352,39396,1902_10_TeamMI_TeamA3,229,61.0,229,8380181,5,2,8380181,8382081,8383231,8379731,,
353,39498,1902_10_TeamMI_TeamA3,258,70.0,258,9487531,6,2,9487531,9488281,9489181,9485481,9486781.0,9487431.0
354,39532,1902_10_TeamMI_TeamA3,268,73.0,268,9872681,6,2,9872681,9873681,9875031,9872281,,
355,39591,1902_10_TeamMI_TeamA3,282,75.0,282,10360181,6,2,10360181,10361281,10362331,10358931,10359231.0,10359481.0
356,39758,1903_02_TeamNE_TeamA2,42,12.0,42,1202325,4,2,1202325,1203525,1204375,1200925,1201475.0,
357,39781,1903_02_TeamNE_TeamA2,46,14.0,46,1409175,6,2,1409175,1410325,1410975,1407075,1409125.0,
358,39795,1903_02_TeamNE_TeamA2,49,15.0,49,1491375,5,2,1491375,1492975,1494025,1490225,1491275.0,
359,39818,1903_02_TeamNE_TeamA2,55,16.0,55,1693175,5,2,1693175,1694175,1695125,1691275,1693125.0,
360,39846,1903_02_TeamNE_TeamA2,62,20.0,62,2163591,6,2,2163591,2164841,2165891,2162041,2162741.0,2163241.0
361,39884,1903_02_TeamNE_TeamA2,72,31.0,72,3221587,6,2,3221587,3222287,3223187,3219087,3220887.0,
362,39974,1903_02_TeamNE_TeamA2,96,38.0,96,4104537,6,2,4104537,4105237,4106337,4102537,4103437.0,4104087.0
363,40114,1903_02_TeamNE_TeamA2,138,48.0,139,5684337,6,2,5684337,5685537,5686487,5682587,5683787.0,
364,40131,1903_02_TeamNE_TeamA2,141,49.0,142,5755537,4,2,5755537,5757087,5757887,5753737,5754237.0,5754587.0
365,40155,1903_02_TeamNE_TeamA2,147,50.0,148,5907887,4,2,5907887,5908887,5909537,5905837,5906437.0,5906987.0
366,40172,1903_02_TeamNE_TeamA2,151,51.0,152,6073137,5,2,6073137,6074837,6075887,6072437,6072937.0,
367,40181,1903_02_TeamNE_TeamA2,152,52.0,153,6104587,6,2,6104587,6105737,6106737,6102687,6103687.0,6104437.0
368,40234,1903_02_TeamNE_TeamA2,168,55.0,169,6555787,5,2,6555787,6557387,6558287,6554187,6555137.0,
369,40250,1903_02_TeamNE_TeamA2,171,57.0,172,6759837,5,2,6759837,6761137,6762137,6758187,6759137.0,6759737.0
370,40349,1903_02_TeamNE_TeamA2,194,64.0,195,7422387,6,2,7422387,7423137,7424287,7420337,7421437.0,7422137.0
371,40467,1902_26_TeamMC_TeamA1,8,6.0,8,606177,6,2,606177,606877,607927,604627,605027.0,605427.0
372,40623,1902_26_TeamMC_TeamA1,48,16.0,48,1882327,4,2,1882327,1883177,1884127,1880427,1880877.0,1881227.0
373,40664,1902_26_TeamMC_TeamA1,56,18.0,56,2077877,6,2,2077877,2079077,2080077,2076677,2077227.0,2077677.0
374,40896,1902_26_TeamMC_TeamA1,115,34.0,115,4016327,5,2,4016327,4017827,4018877,4015027,,
375,40916,1902_26_TeamMC_TeamA1,120,35.0,120,4221277,6,2,4221277,4221977,4223527,4219427,4220627.0,
376,41183,1902_26_TeamMC_TeamA1,188,51.0,188,6548677,4,2,6548677,6550577,6551277,6547577,,
377,41224,1902_26_TeamMC_TeamA1,199,55.0,199,7013427,6,2,7013427,7013977,7014827,7010927,7012177.0,7013077.0
378,41244,1902_26_TeamMC_TeamA1,204,57.0,204,7284477,5,2,7284477,7286127,7287177,7283327,7283977.0,
379,41338,1902_26_TeamMC_TeamA1,230,63.0,230,8073627,5,2,8073627,8074727,8075827,8071827,8072627.0,8073277.0
380,41420,1902_26_TeamMC_TeamA1,254,69.0,254,8977277,5,2,8977277,8977927,8979027,8975777,8976377.0,8976827.0
381,41590,1903_26_TeamNK_TeamB,26,8.0,26,849279,4,2,849279,850429,851229,847429,848679.0,
382,41643,1903_26_TeamNK_TeamB,42,12.0,42,1300929,4,2,1300929,1302129,1302779,1298829,1300179.0,
383,41706,1903_26_TeamNK_TeamB,59,15.0,59,1823229,6,2,1823229,1824379,1825429,1821729,1822529.0,1823129.0
384,41768,1903_26_TeamNK_TeamB,74,18.0,74,2276129,5,2,2276129,2277779,2278729,2274529,2276079.0,
385,41780,1903_26_TeamNK_TeamB,76,19.0,76,2330979,6,2,2330979,2331629,2333179,2329329,2330079.0,2330629.0
386,41943,1903_26_TeamNK_TeamB,118,33.0,121,3772179,6,2,3772179,3773229,3774079,3769929,3771129.0,3771829.0
387,42159,1903_26_TeamNK_TeamB,174,46.0,177,5758329,5,2,5758329,5760629,5761729,5757629,5758129.0,
388,42195,1903_26_TeamNK_TeamB,183,48.0,186,5989779,6,2,5989779,5990829,5992229,5988379,5988779.0,5989129.0
389,42240,1903_26_TeamNK_TeamB,193,51.0,198,6403029,5,2,6403029,6403579,6404729,6400379,6402079.0,6402729.0
390,42271,1903_26_TeamNK_TeamB,199,53.0,204,6762679,4,2,6762679,6763479,6764479,6761079,6761579.0,6762029.0
391,42417,1903_26_TeamNK_TeamB,237,63.0,242,8090229,6,2,8090229,8091379,8092229,8088329,8088979.0,8089479.0
392,42429,1903_26_TeamNK_TeamB,239,64.0,244,8150929,6,2,8150929,8151629,8152679,8148629,8149979.0,8150679.0
393,42559,1902_24_TeamMA_TeamA1,10,3.0,10,260627,5,2,260627,262376,263663,259373,260264.0,
394,42579,1902_24_TeamMA_TeamA1,14,4.0,14,383981,4,2,383981,384839,385829,382100,382529.0,383057.0
395,42624,1902_24_TeamMA_TeamA1,27,6.0,27,779486,6,2,779486,780443,781565,777539,778958.0,
396,42748,1902_24_TeamMA_TeamA1,58,14.0,58,1813872,6,2,1813872,1815621,1816644,1813509,,
397,42781,1902_24_TeamMA_TeamA1,65,16.0,65,1980918,4,2,1980918,1981677,1982271,1978443,1979301.0,1979796.0
398,42815,1902_24_TeamMA_TeamA1,74,18.0,74,2318245,4,2,2318245,2318971,2319730,2316232,2317090.0,2317651.0
399,42825,1902_24_TeamMA_TeamA1,76,19.0,76,2365897,4,2,2365897,2367382,2368141,2365864,,
400,42866,1902_24_TeamMA_TeamA1,85,21.0,85,2599933,5,2,2599933,2600956,2602012,2597689,2599372.0,
401,43079,1902_24_TeamMA_TeamA1,141,37.0,141,4736409,6,2,4736409,4737894,4739346,4735848,,
402,43411,1902_24_TeamMA_TeamA1,234,57.0,234,8047830,5,2,8047830,8048952,8049810,8045817,8046972.0,8047599.0
403,43437,1902_24_TeamMA_TeamA1,240,58.0,240,8241705,6,2,8241705,8243124,8244345,8240517,8240913.0,8241111.0
404,43579,1902_24_TeamMA_TeamA1,278,69.0,278,9526232,6,2,9526232,9527387,9528311,9524648,9525110.0,9525572.0
405,43599,1902_24_TeamMA_TeamA1,283,71.0,283,9762908,5,2,9762908,9764624,9765845,9761852,9762677.0,
406,43608,1902_24_TeamMA_TeamA1,284,72.0,284,9800165,6,2,9800165,9800891,9802376,9797987,9799076.0,9799736.0
407,43775,1902_24_TeamMA_TeamA1,327,84.0,327,11473200,6,2,11473200,11474124,11475411,11471220,11472177.0,11472969.0
408,44079,1902_01_TeamMG_TeamA3,15,4.0,15,351593,4,2,351593,352243,353393,349843,350243.0,350443.0
409,44256,1902_01_TeamMG_TeamA3,64,16.0,64,1966443,6,2,1966443,1967493,1968543,1964943,1965193.0,1966093.0
410,44662,1902_01_TeamMG_TeamA3,169,42.0,169,5282243,6,2,5282243,5283193,5284093,5280293,,
411,44748,1902_01_TeamMG_TeamA3,189,46.0,189,5973693,4,2,5973693,5974543,5975243,5971593,5972893.0,5973543.0
412,45278,1901_18_TeamLH_TeamA3,30,,32,1055752,6,2,1055752,1056552,1057552,1053702,1054102.0,1054452.0
413,46111,1901_18_TeamLH_TeamA3,252,,258,8602645,6,2,8602645,8603745,8604645,8601195,8601445.0,8601695.0
414,46126,1901_18_TeamLH_TeamA3,255,,261,8798695,4,2,8798695,8799845,8800645,8796545,8797595.0,8798195.0
415,46296,1901_03_TeamLG_TeamA3,21,,22,677679,5,2,677679,678429,679679,676079,,
416,46543,1901_03_TeamLG_TeamA3,88,,93,2933065,6,2,2933065,2934115,2935315,2931065,2932565.0,
417,46553,1901_03_TeamLG_TeamA3,90,,95,2979015,5,2,2979015,2980665,2981465,2977315,,
418,46577,1901_03_TeamLG_TeamA3,96,,101,3105815,6,2,3105815,3107115,3107965,3104215,3105315.0,
419,46684,1901_03_TeamLG_TeamA3,122,,133,4356064,5,2,4356064,4357414,4358614,4354364,4355714.0,
420,46781,1901_03_TeamLG_TeamA3,144,,155,5092713,5,2,5092713,5094313,5095763,5091713,5092463.0,
421,46795,1901_03_TeamLG_TeamA3,147,,158,5281163,4,2,5281163,5282613,5283713,5279413,5280363.0,
422,46853,1901_03_TeamLG_TeamA3,162,,173,5697412,6,2,5697412,5698112,5699362,5695612,5696862.0,
423,46876,1901_03_TeamLG_TeamA3,168,,180,5963712,6,2,5963712,5964862,5966212,5962212,5963312.0,
424,46891,1901_03_TeamLG_TeamA3,171,,183,6023562,4,2,6023562,6024412,6025712,6022562,6023062.0,6023462.0
425,46921,1901_03_TeamLG_TeamA3,176,,188,6171812,5,2,6171812,6172912,6174462,6170112,6171562.0,
426,46947,1901_03_TeamLG_TeamA3,182,,195,6523112,6,2,6523112,6524012,6525062,6521112,6522712.0,
427,47031,1901_03_TeamLG_TeamA3,205,,218,7680554,5,2,7680554,7682604,7683704,7678804,7680004.0,
428,47132,1901_03_TeamLG_TeamA3,235,,249,8926703,5,2,8926703,8928603,8930053,8926303,,
429,47217,1901_03_TeamLG_TeamA3,256,,270,9749002,6,2,9749002,9749852,9750952,9747052,9748502.0,
430,47906,1902_14_TeamMK_TeamB,9,3.0,9,198685,6,2,198685,200085,201035,197385,,
431,47978,1902_14_TeamMK_TeamB,26,9.0,26,844285,6,2,844285,845085,846235,842185,843685.0,
432,48292,1902_14_TeamMK_TeamB,104,29.0,104,3323485,4,2,3323485,3325035,3325885,3322035,3322585.0,3322985.0
433,48329,1902_14_TeamMK_TeamB,113,32.0,113,3625335,4,2,3625335,3626485,3627235,3623585,3624085.0,3624485.0
434,48351,1902_14_TeamMK_TeamB,118,33.0,118,3756435,6,2,3756435,3757135,3758535,3754985,3755435.0,3755885.0
435,48524,1902_14_TeamMK_TeamB,160,45.0,160,5155985,6,2,5155985,5156785,5157935,5154185,5154685.0,5155035.0
436,49068,1902_14_TeamMK_TeamB,298,79.0,298,9800635,5,2,9800635,9802085,9803435,9799535,9800185.0,
437,49647,1902_05_TeamML_TeamB,143,37.0,143,12243279,6,2,12243279,12244629,12245629,12241629,12242579.0,
438,49663,1902_05_TeamML_TeamB,145,39.0,145,12449879,4,2,12449879,12451229,12452179,12448379,12448779.0,12449279.0
439,49871,1902_05_TeamML_TeamB,206,52.0,206,14562629,6,2,14562629,14563779,14565079,14561729,14562279.0,
440,49914,1902_05_TeamML_TeamB,214,55.0,214,14788429,4,2,14788429,14789829,14790929,14787379,14788279.0,
441,49936,1902_05_TeamML_TeamB,220,57.0,220,15101229,5,2,15101229,15103029,15104179,15099979,,
442,50161,1902_05_TeamML_TeamB,276,72.0,276,17236879,4,2,17236879,17237729,17238779,17234829,17235979.0,17236579.0
443,50404,1902_14_TeamMD_TeamA2,2,1.0,2,40897,4,2,40897,42497,43397,40547,,
444,50512,1902_14_TeamMD_TeamA2,27,10.0,27,847247,4,2,847247,848147,848997,845847,846447.0,846797.0
445,50676,1902_14_TeamMD_TeamA2,66,21.0,66,2198326,6,2,2198326,2199776,2201226,2198126,,
446,50852,1902_14_TeamMD_TeamA2,110,34.0,110,3515576,4,2,3515576,3516676,3517776,3514876,,
447,50904,1902_14_TeamMD_TeamA2,121,38.0,121,3948376,5,2,3948376,3950376,3951626,3947276,3948026.0,
448,51097,1902_14_TeamMD_TeamA2,173,50.0,173,5601776,4,2,5601776,5602926,5603876,5599876,5600426.0,5600776.0
449,51167,1902_14_TeamMD_TeamA2,192,55.0,192,6376428,4,2,6376428,6377678,6378578,6374778,6375678.0,
450,51207,1902_14_TeamMD_TeamA2,199,58.0,199,6688028,4,2,6688028,6689328,6690378,6686628,6687128.0,6687578.0
451,51380,1902_14_TeamMD_TeamA2,245,72.0,245,8471915,6,2,8471915,8473465,8474315,8470215,8471215.0,
452,51390,1902_14_TeamMD_TeamA2,247,73.0,247,8529065,5,2,8529065,8531265,8532365,8528765,,
453,51512,1902_14_TeamMD_TeamA2,280,81.0,280,9727415,5,2,9727415,9729215,9730265,9726615,,
454,51529,1902_14_TeamMD_TeamA2,284,82.0,284,9838365,4,2,9838365,9839465,9840165,9836115,9837765.0,
455,51634,1902_14_TeamMD_TeamA2,314,,314,10903265,4,2,10903265,10904015,10904915,10900965,10901565.0,10902065.0
456,51681,1902_14_TeamMD_TeamA2,327,89.0,327,11389815,6,2,11389815,11391415,11392565,11388915,,
457,51736,1903_30_TeamNB_TeamA1,3,1.0,3,85884,5,2,85884,87884,89034,85334,85784.0,
458,51839,1903_30_TeamNB_TeamA1,29,7.0,29,832634,4,2,832634,833534,834284,830584,831234.0,831684.0
459,51953,1903_30_TeamNB_TeamA1,61,14.0,62,1855784,4,2,1855784,1856634,1857734,1854134,1854484.0,1854634.0
460,51968,1903_30_TeamNB_TeamA1,64,15.0,65,1912584,6,2,1912584,1914134,1915284,1911134,1911784.0,1912234.0
461,52152,1903_30_TeamNB_TeamA1,104,31.0,109,3319671,5,2,3319671,3320371,3321521,3317171,3319121.0,
462,52194,1903_30_TeamNB_TeamA1,116,34.0,121,3672621,4,2,3672621,3674021,3674571,3670571,3671921.0,
463,52296,1903_30_TeamNB_TeamA1,138,45.0,144,4536121,5,2,4536121,4537471,4538621,4534771,4535621.0,
464,52446,1903_30_TeamNB_TeamA1,171,55.0,178,5662021,6,2,5662021,5662871,5664121,5660821,5661571.0,
465,52586,1903_30_TeamNB_TeamA1,211,66.0,219,7332648,5,2,7332648,7333248,7334548,7330648,7332298.0,
466,52617,1903_30_TeamNB_TeamA1,219,68.0,227,7476698,4,2,7476698,7477648,7478448,7474548,7475398.0,7475898.0
467,52798,1903_30_TeamNB_TeamA1,263,79.0,271,9002198,5,2,9002198,9003748,9004748,9000948,,
468,52823,1903_30_TeamNB_TeamA1,268,81.0,276,9113098,4,2,9113098,9113948,9114698,9110548,9111298.0,9111798.0
469,52863,1902_11_TeamMI_TeamA3,11,3.0,11,218402,4,2,218402,219402,220552,216752,217002.0,217952.0
470,53115,1902_11_TeamMI_TeamA3,70,17.0,70,2444252,6,2,2444252,2445902,2446852,2443302,2443602.0,2443852.0
471,53129,1902_11_TeamMI_TeamA3,73,18.0,73,2509002,4,2,2509002,2510252,2511002,2506952,2508402.0,
472,53385,1902_11_TeamMI_TeamA3,144,34.0,144,4743852,6,2,4743852,4744752,4745802,4741752,4743002.0,4743752.0
473,53486,1902_11_TeamMI_TeamA3,175,41.0,175,5786652,4,2,5786652,5787902,5788652,5784602,5785552.0,5786202.0
474,53630,1902_11_TeamMI_TeamA3,212,50.0,212,7180702,4,2,7180702,7181452,7182402,7178852,7180002.0,7180602.0
475,53809,1902_11_TeamMI_TeamA3,267,61.0,267,9467702,6,2,9467702,9469002,9470302,9466152,9466702.0,9467002.0
476,55021,1901_06_TeamLI_TeamA3,30,,30,1005583,4,2,1005583,1006583,1007433,1005033,,
477,55075,1901_06_TeamLI_TeamA3,46,,46,1448283,6,2,1448283,1448983,1449983,1446983,1447733.0,
478,55139,1901_06_TeamLI_TeamA3,64,,64,1972882,6,2,1972882,1973782,1974632,1971832,,
479,55167,1901_06_TeamLI_TeamA3,71,,71,2252382,4,2,2252382,2252982,2253682,2251032,,
480,55977,1902_27_TeamMH_TeamA3,57,14.0,57,1856122,4,2,1856122,1857072,1857972,1854122,,
481,56468,1902_27_TeamMH_TeamA3,191,47.0,191,6673972,5,2,6673972,6675872,6676972,6673072,6673522.0,
482,56707,1902_27_TeamMH_TeamA3,265,62.0,265,8906822,5,2,8906822,8907522,8908772,8906222,,
483,56784,1902_27_TeamMH_TeamA3,282,68.0,282,9566022,4,2,9566022,9567272,9568022,9565022,9565622.0,
484,57158,1903_05_TeamND_TeamA2,57,13.0,57,1546612,4,2,1546612,1548562,1549512,1546212,,
485,57632,1903_05_TeamND_TeamA2,190,42.0,190,5914162,4,2,5914162,5915112,5915912,5912012,5912462.0,5912762.0
486,57653,1903_05_TeamND_TeamA2,193,44.0,193,6019812,4,2,6019812,6020562,6021562,6017562,6018312.0,6018812.0
487,57690,1903_05_TeamND_TeamA2,204,46.0,204,6460962,4,2,6460962,6462462,6463362,6460162,,
488,58042,1903_05_TeamND_TeamA2,297,68.0,297,9644462,6,2,9644462,9645712,9646662,9642862,9643362.0,9643712.0
489,58343,1903_26_TeamNH_TeamA3,7,2.0,7,167713,4,2,167713,168363,169263,165413,167213.0,
490,58535,1903_26_TeamNH_TeamA3,58,14.0,58,1832913,4,2,1832913,1833713,1834363,1830463,1831813.0,1832513.0
491,58618,1903_26_TeamNH_TeamA3,83,19.0,83,2670263,4,2,2670263,2671563,2672363,2668363,2669763.0,
492,59078,1903_26_TeamNH_TeamA3,197,49.0,198,6467063,4,2,6467063,6468513,6469313,6465213,6466313.0,
493,59283,1903_26_TeamNH_TeamA3,255,64.0,256,8690763,5,2,8690763,8692663,8693813,8689613,8690413.0,
494,59365,1903_26_TeamNH_TeamA3,278,69.0,279,9653163,6,2,9653163,9654863,9656213,9652363,9652863.0,
495,59388,1903_26_TeamNH_TeamA3,284,71.0,285,9818113,4,2,9818113,9819813,9820713,9817413,,
496,59607,1903_26_TeamNH_TeamA3,340,86.0,341,11997363,5,2,11997363,11998313,11999213,11995363,11996313.0,11996763.0
497,59651,1902_13_TeamMK_TeamB,4,1.0,4,72260,4,2,72260,73010,74260,69910,70910.0,71510.0
498,60021,1902_13_TeamMK_TeamB,92,28.0,92,3415210,6,2,3415210,3415760,3416910,3412960,3414060.0,3414660.0
499,60085,1902_13_TeamMK_TeamB,108,32.0,108,3890710,4,2,3890710,3892160,3892860,3890010,3890510.0,
500,60110,1902_13_TeamMK_TeamB,112,33.0,112,4010010,6,2,4010010,4011110,4012310,4008260,4009660.0,
501,60196,1902_13_TeamMK_TeamB,130,,130,4617460,5,2,4617460,4619310,4620410,4616460,4617360.0,
502,60620,1902_13_TeamMK_TeamB,240,67.0,240,9036310,6,2,9036310,9037410,9038660,9035760,,
503,60789,1902_13_TeamMK_TeamB,282,78.0,282,10493310,4,2,10493310,10494210,10495010,10490960,10492110.0,10492960.0
504,60813,1902_13_TeamMK_TeamB,288,79.0,288,10669060,6,2,10669060,10669910,10671110,10667060,10668310.0,10668960.0
505,61172,1903_15_TeamNG_TeamA3,41,12.0,41,1386319,6,2,1386319,1387119,1387919,1383969,1385719.0,
506,61341,1903_15_TeamNG_TeamA3,88,23.0,88,2744269,6,2,2744269,2745069,2746069,2742219,2743769.0,
507,61433,1903_15_TeamNG_TeamA3,114,29.0,114,3722919,4,2,3722919,3724319,3725219,3721919,3722419.0,
508,61449,1903_15_TeamNG_TeamA3,117,30.0,117,3819219,6,2,3819219,3819819,3820769,3816819,3817769.0,3818069.0
509,61570,1903_15_TeamNG_TeamA3,147,37.0,147,4802069,4,2,4802069,4802919,4803569,4799769,4800469.0,4800919.0
510,61616,1903_15_TeamNG_TeamA3,158,41.0,158,5319169,6,2,5319169,5320069,5321169,5317769,5318319.0,5318669.0
511,62059,1903_15_TeamNG_TeamA3,271,70.0,271,9298169,4,2,9298169,9298719,9299269,9295419,9297369.0,
512,63160,1903_20_TeamNL_TeamB,9,3.0,9,217932,6,2,217932,219082,220182,216132,216982.0,217632.0
513,63239,1903_20_TeamNL_TeamB,31,11.0,31,1204866,4,2,1204866,1206416,1207016,1203266,1204366.0,
514,63378,1903_20_TeamNL_TeamB,65,21.0,65,2351366,4,2,2351366,2351966,2352616,2348516,2350166.0,2350916.0
515,63512,1903_20_TeamNL_TeamB,102,28.0,102,3380366,4,2,3380366,3381616,3382466,3378716,3379366.0,3379766.0
516,63592,1903_20_TeamNL_TeamB,124,34.0,124,4093466,5,2,4093466,4095316,4096866,4092566,4093016.0,4093266.0
517,63865,1903_20_TeamNL_TeamB,188,50.0,189,6367216,4,2,6367216,6368066,6368816,6364716,6365466.0,6366316.0
518,63899,1903_20_TeamNL_TeamB,196,53.0,197,6678316,4,2,6678316,6680066,6680616,6676616,6677916.0,
519,63983,1903_20_TeamNL_TeamB,220,58.0,221,7623466,4,2,7623466,7624816,7625566,7621916,7622766.0,
520,64001,1903_20_TeamNL_TeamB,224,59.0,225,7704566,4,2,7704566,7705266,7706116,7702416,7703466.0,7704166.0
521,64092,1903_20_TeamNL_TeamB,245,65.0,248,8499216,6,2,8499216,8500666,8501766,8497516,8498716.0,
522,64189,1902_06_TeamML_TeamB,22,7.0,22,692253,5,2,692253,693653,694703,690703,691853.0,
523,64225,1902_06_TeamML_TeamB,32,9.0,32,987403,6,2,987403,987953,989303,985403,986403.0,987053.0
524,64282,1902_06_TeamML_TeamB,45,14.0,45,1374703,4,2,1374703,1375403,1376853,1372803,1373203.0,1374353.0
525,64563,1902_06_TeamML_TeamB,118,33.0,119,4152374,4,2,4152374,4153024,4153774,4150224,4150774.0,4151174.0
526,64589,1902_06_TeamML_TeamB,125,35.0,126,4406774,4,2,4406774,4408974,4410074,4406274,4406624.0,
527,64834,1902_06_TeamML_TeamB,191,52.0,192,6540974,4,2,6540974,6541474,6542324,6538524,6540324.0,
528,65133,1902_06_TeamML_TeamB,267,73.0,268,9493024,6,2,9493024,9493874,9494874,9490774,9492324.0,
529,65207,1902_06_TeamML_TeamB,288,77.0,289,10217174,6,2,10217174,10217674,10218874,10214424,10215874.0,10216724.0
530,65411,1903_18_TeamNI_TeamA3,41,13.0,41,1268631,5,2,1268631,1269731,1270631,1267731,1268381.0,
531,65435,1903_18_TeamNI_TeamA3,46,15.0,46,1369981,4,2,1369981,1371731,1372431,1368431,1368631.0,1368881.0
532,65451,1903_18_TeamNI_TeamA3,50,16.0,50,1584131,4,2,1584131,1585831,1586631,1583731,,
533,65477,1903_18_TeamNI_TeamA3,57,19.0,57,1828831,6,2,1828831,1830381,1831281,1828331,,
534,65566,1903_18_TeamNI_TeamA3,79,23.0,79,2453681,6,2,2453681,2454831,2456031,2452231,2452731.0,2453131.0
535,65656,1903_18_TeamNI_TeamA3,103,32.0,103,3279731,4,2,3279731,3280931,3281781,3278181,3278531.0,3278781.0
536,65756,1903_18_TeamNI_TeamA3,123,38.0,124,3891531,4,2,3891531,3893081,3893831,3889881,3890881.0,
537,65866,1903_18_TeamNI_TeamA3,154,45.0,155,4873081,5,2,4873081,4874131,4875231,4871081,4872631.0,
538,66224,1903_18_TeamNI_TeamA3,251,69.0,252,8434531,6,2,8434531,8435731,8436831,8433631,8434181.0,
539,66232,1902_09_TeamMJ_TeamB,1,1.0,1,17805,5,2,17805,18405,19305,15805,17305.0,
540,66265,1902_09_TeamMJ_TeamB,10,4.0,10,355405,4,2,355405,356305,357255,353655,354855.0,
541,66319,1902_09_TeamMJ_TeamB,23,8.0,23,794755,4,2,794755,795255,796255,791855,793055.0,793605.0
542,66363,1902_09_TeamMJ_TeamB,36,11.0,36,1146455,6,2,1146455,1147555,1148455,1143805,1145655.0,
543,66904,1902_09_TeamMJ_TeamB,184,50.0,184,6884455,5,2,6884455,6885705,6886755,6882905,6884155.0,
544,67277,1902_09_TeamMJ_TeamB,282,77.0,282,10702155,4,2,10702155,10703055,10704055,10699755,10701055.0,10701955.0
545,67355,1902_09_TeamMJ_TeamB,304,81.0,304,11431905,4,2,11431905,11433255,11434205,11430755,11431205.0,11431455.0
546,67395,1902_09_TeamMJ_TeamB,312,84.0,312,11664855,6,2,11664855,11665855,11666955,11663205,11664405.0,
547,67476,1901_14_TeamLL_TeamB,22,,22,794701,4,2,794701,795401,796401,792851,794401.0,
548,67797,1901_14_TeamLL_TeamB,105,,105,3636048,4,2,3636048,3636698,3637648,3633748,3635348.0,
549,68150,1901_14_TeamLL_TeamB,199,,199,7341295,5,2,7341295,7342145,7343295,7339345,7340895.0,
550,69310,1902_26_TeamMH_TeamA3,4,1.0,4,69106,5,2,69106,70306,71406,67706,68706.0,
551,69709,1902_26_TeamMH_TeamA3,99,28.0,99,3113706,5,2,3113706,3115556,3116506,3111956,3113056.0,
552,69760,1902_26_TeamMH_TeamA3,111,31.0,111,3509106,6,2,3509106,3510006,3511106,3508656,,
553,69842,1902_26_TeamMH_TeamA3,130,36.0,130,4129256,4,2,4129256,4130356,4132156,4129156,,
554,69941,1902_26_TeamMH_TeamA3,156,41.0,156,5064856,5,2,5064856,5066706,5067806,5063656,5064006.0,5064356.0
555,69989,1902_26_TeamMH_TeamA3,166,45.0,166,5460306,4,2,5460306,5461656,5462706,5458906,5459656.0,5460206.0
556,70123,1902_26_TeamMH_TeamA3,202,54.0,202,6690556,6,2,6690556,6691506,6692806,6690206,,
557,70321,1902_26_TeamMH_TeamA3,254,67.0,254,8671358,6,2,8671358,8672008,8672808,8668658,8669858.0,8670858.0
558,70346,1902_26_TeamMH_TeamA3,260,68.0,260,8853708,6,2,8853708,8855108,8856258,8852208,8853158.0,
559,70463,1902_26_TeamMH_TeamA3,291,74.0,291,9972308,4,2,9972308,9973158,9974358,9970608,9971258.0,9971658.0
560,70488,1902_26_TeamMH_TeamA3,297,75.0,297,10128808,4,2,10128808,10129858,10130658,10126858,10127958.0,10128708.0
561,70688,1901_10_TeamLJ_TeamB,10,,13,430716,6,2,430716,431166,431866,429516,430316.0,
562,70766,1901_10_TeamLJ_TeamB,29,,32,1094865,6,2,1094865,1095915,1096765,1093165,1093865.0,
563,70796,1901_10_TeamLJ_TeamB,37,,40,1373565,4,2,1373565,1374465,1375465,1371465,1372465.0,1373165.0
564,70967,1901_10_TeamLJ_TeamB,84,,87,3058214,4,2,3058214,3059464,3060164,3057864,,
565,70981,1901_10_TeamLJ_TeamB,87,,90,3256113,6,2,3256113,3257413,3258413,3254513,3255713.0,
566,71004,1901_10_TeamLJ_TeamB,93,,96,3375313,6,2,3375313,3376263,3377263,3373563,3375013.0,
567,71144,1901_10_TeamLJ_TeamB,132,,136,5068512,4,2,5068512,5069362,5070562,5066312,5066662.0,
568,71304,1901_10_TeamLJ_TeamB,176,,180,7035710,6,2,7035710,7037410,7038310,7033760,7035060.0,
569,71324,1901_10_TeamLJ_TeamB,181,,185,7367859,4,2,7367859,7368909,7369759,7366059,7367359.0,
570,71341,1901_10_TeamLJ_TeamB,185,,189,7620709,4,2,7620709,7621459,7622259,7620259,,
571,71373,1901_10_TeamLJ_TeamB,192,,196,7981809,6,2,7981809,7982359,7983809,7980209,7980809.0,7981359.0
572,71395,1901_10_TeamLJ_TeamB,197,,201,8106809,6,2,8106809,8107909,8109009,8105059,8105959.0,8106409.0
573,71463,1901_10_TeamLJ_TeamB,214,,218,8957508,4,2,8957508,8958558,8959658,8955858,8956408.0,8956558.0
574,71477,1901_10_TeamLJ_TeamB,216,,220,9133658,4,2,9133658,9134608,9135358,9131008,9131858.0,9132508.0
575,71604,1901_10_TeamLJ_TeamB,249,,253,10225957,4,2,10225957,10227207,10227957,10224257,10224607.0,
576,71712,1903_27_TeamNH_TeamA3,24,6.0,25,700807,4,2,700807,701957,702857,698757,699707.0,700357.0
577,71811,1903_27_TeamNH_TeamA3,50,15.0,52,1614157,6,2,1614157,1615507,1616907,1612707,1613157.0,1613457.0
578,71959,1903_27_TeamNH_TeamA3,92,24.0,94,2908174,5,2,2908174,2909174,2910124,2906124,2907524.0,
579,71986,1903_27_TeamNH_TeamA3,99,25.0,101,3038074,6,2,3038074,3039724,3040624,3037224,3037524.0,3037824.0
580,72080,1903_27_TeamNH_TeamA3,126,32.0,129,3957724,6,2,3957724,3959224,3960324,3956074,3957124.0,
581,72122,1903_27_TeamNH_TeamA3,136,36.0,139,6839074,4,2,6839074,6840774,6841624,6837674,6838224.0,6838724.0
582,72162,1903_27_TeamNH_TeamA3,143,40.0,146,7180624,5,2,7180624,7181974,7183024,7179074,7179724.0,7180074.0
583,72188,1903_27_TeamNH_TeamA3,150,42.0,153,7340374,6,2,7340374,7341824,7342774,7339824,,
584,72586,1903_25_TeamNK_TeamB,3,1.0,3,81815,4,2,81815,83165,84015,80565,81115.0,81565.0
585,72783,1903_25_TeamNK_TeamB,50,16.0,51,1811215,5,2,1811215,1812565,1813565,1809815,1810715.0,
586,72901,1903_25_TeamNK_TeamB,77,24.0,80,2804115,5,2,2804115,2806065,2806965,2803515,2803965.0,
587,73058,1903_25_TeamNK_TeamB,118,36.0,123,4310565,4,2,4310565,4311915,4312815,4308865,4309665.0,4310215.0
588,73071,1903_25_TeamNK_TeamB,120,37.0,125,4479065,6,2,4479065,4480115,4481215,4477265,4478115.0,4478565.0
589,73184,1903_25_TeamNK_TeamB,149,45.0,154,5464815,6,2,5464815,5465365,5467065,5463865,5464465.0,
590,73228,1903_25_TeamNK_TeamB,156,47.0,161,5811515,6,2,5811515,5811965,5813065,5809115,5809915.0,5810215.0
591,73360,1903_25_TeamNK_TeamB,179,57.0,186,6923665,4,2,6923665,6924265,6925565,6921365,6923315.0,
592,73380,1903_25_TeamNK_TeamB,184,58.0,192,7189365,5,2,7189365,7190965,7191665,7187615,7188715.0,
593,73398,1903_25_TeamNK_TeamB,188,59.0,196,7273815,5,2,7273815,7275465,7276565,7272165,7272965.0,7273465.0
594,73517,1903_25_TeamNK_TeamB,219,70.0,228,8599615,4,2,8599615,8600815,8601665,8597565,8599115.0,
595,73587,1903_25_TeamNK_TeamB,237,74.0,247,9069415,5,2,9069415,9071615,9072815,9068815,9069165.0,
596,73705,1903_25_TeamNK_TeamB,258,81.0,268,9960315,4,2,9960315,9961215,9962065,9958365,9958765.0,9959115.0
597,73742,1903_14_TeamNG_TeamA3,9,3.0,9,188932,5,2,188932,190582,191832,188532,188882.0,
598,73762,1903_14_TeamNG_TeamA3,13,5.0,13,423332,6,2,423332,424032,424682,420482,422032.0,422732.0
599,73875,1903_14_TeamNG_TeamA3,45,12.0,45,1394132,4,2,1394132,1394882,1395732,1391932,1392632.0,1393282.0
600,73917,1903_14_TeamNG_TeamA3,56,15.0,56,1712182,5,2,1712182,1713182,1714232,1710532,1711132.0,1711482.0
601,74025,1903_14_TeamNG_TeamA3,84,25.0,84,2779622,4,2,2779622,2780622,2781472,2777522,2779122.0,
602,74217,1903_14_TeamNG_TeamA3,137,44.0,137,5289032,6,2,5289032,5289932,5290782,5286732,5287182.0,5288032.0
603,74428,1903_14_TeamNG_TeamA3,192,59.0,192,7476621,4,2,7476621,7477471,7478221,7474421,7474971.0,
604,74589,1903_14_TeamNG_TeamA3,233,69.0,233,9008868,4,2,9008868,9010168,9011118,9007068,9008018.0,9008618.0
605,74633,1903_14_TeamNG_TeamA3,246,72.0,246,9517618,6,2,9517618,9518218,9519368,9515468,9517268.0,
606,74666,1902_29_TeamMF_TeamA2,5,2.0,5,112818,6,2,112818,114268,115168,111918,112468.0,
607,74706,1902_29_TeamMF_TeamA2,15,5.0,15,512368,5,2,512368,513468,514368,510768,511168.0,511468.0
608,74729,1902_29_TeamMF_TeamA2,20,6.0,20,640818,4,2,640818,641668,642568,638818,639618.0,640068.0
609,74745,1902_29_TeamMF_TeamA2,24,7.0,24,850768,4,2,850768,851818,852818,849968,,
610,74768,1902_29_TeamMF_TeamA2,30,8.0,30,972868,4,2,972868,974368,975168,971918,972568.0,
611,74826,1902_29_TeamMF_TeamA2,47,13.0,47,1571668,4,2,1571668,1572418,1573218,1569318,1571268.0,
612,74999,1902_29_TeamMF_TeamA2,95,29.0,95,3778310,6,2,3778310,3779460,3781010,3777160,3777510.0,3777860.0
613,75161,1902_29_TeamMF_TeamA2,132,41.0,132,5299610,6,2,5299610,5301060,5301910,5297860,5298660.0,5299210.0
614,75179,1902_29_TeamMF_TeamA2,136,42.0,136,5394110,5,2,5394110,5395610,5396910,5392610,5393310.0,5393710.0
615,75260,1902_29_TeamMF_TeamA2,159,47.0,159,6252910,5,2,6252910,6254310,6255460,6251360,6252410.0,
616,75268,1902_29_TeamMF_TeamA2,160,48.0,160,6286960,4,2,6286960,6288260,6289160,6285260,6286260.0,
617,75474,1902_29_TeamMF_TeamA2,222,64.0,222,8666860,5,2,8666860,8668310,8669460,8665010,8666410.0,
618,75581,1902_28_TeamMC_TeamA1,16,7.0,16,619355,5,2,619355,620705,621655,617705,,
619,75622,1902_28_TeamMC_TeamA1,28,10.0,28,1004905,4,2,1004905,1005955,1007005,1002805,1004255.0,
620,75708,1902_28_TeamMC_TeamA1,44,16.0,44,1650555,4,2,1650555,1651405,1652255,1648105,1649205.0,1649655.0
621,75770,1902_28_TeamMC_TeamA1,57,20.0,57,2085105,4,2,2085105,2086005,2086905,2082705,2083555.0,2084155.0
622,75829,1902_28_TeamMC_TeamA1,71,23.0,71,2530305,4,2,2530305,2531655,2532805,2529655,,
623,76102,1902_28_TeamMC_TeamA1,149,39.0,149,5550705,4,2,5550705,5551255,5551805,5547855,5550155.0,
624,76164,1902_28_TeamMC_TeamA1,167,42.0,167,6139505,4,2,6139505,6140205,6141655,6137805,6138955.0,
625,76206,1902_28_TeamMC_TeamA1,179,44.0,179,6607355,5,2,6607355,6608355,6609655,6605805,6606855.0,
626,76260,1902_28_TeamMC_TeamA1,192,48.0,192,7082955,4,2,7082955,7084555,7085455,7082355,,
627,76822,1902_07_TeamMJ_TeamB,76,22.0,76,2599902,4,2,2599902,2601252,2602002,2598152,2599302.0,
628,76853,1902_07_TeamMJ_TeamB,85,24.0,85,3003102,4,2,3003102,3004802,3005602,3002452,,
629,76885,1902_07_TeamMJ_TeamB,93,27.0,93,3298902,4,2,3298902,3300352,3301252,3296752,3297702.0,3298552.0
630,77013,1902_07_TeamMJ_TeamB,129,34.0,129,4571452,6,2,4571452,4572052,4572802,4568802,4570402.0,4571102.0
631,77173,1902_07_TeamMJ_TeamB,166,44.0,166,5969452,4,2,5969452,5969802,5970702,5966602,5967202.0,5967752.0
632,77230,1902_07_TeamMJ_TeamB,180,47.0,180,6472752,4,2,6472752,6473802,6474402,6470252,6471252.0,6471752.0
633,77289,1902_07_TeamMJ_TeamB,195,51.0,195,7055252,6,2,7055252,7057002,7057852,7053652,7054302.0,7054752.0
634,77430,1902_07_TeamMJ_TeamB,232,60.0,232,8587152,4,2,8587152,8588502,8589252,8585252,8585652.0,8585952.0
635,77454,1902_07_TeamMJ_TeamB,237,62.0,238,8731152,6,2,8731152,8732202,8733552,8730102,8730602.0,
636,77512,1902_07_TeamMJ_TeamB,252,66.0,253,9306502,6,2,9306502,9307202,9307952,9303952,9305552.0,9306402.0
637,77612,1902_07_TeamMJ_TeamB,281,75.0,282,10567952,4,2,10567952,10569302,10570052,10566302,10567202.0,
638,77644,1902_07_TeamMJ_TeamB,288,78.0,289,10851902,5,2,10851902,10852752,10854052,10850052,10851402.0,
639,77960,1901_04_TeamLI_TeamA3,91,,91,2776616,6,2,2776616,2778066,2779516,2776316,,
640,78151,1901_04_TeamLI_TeamA3,142,,142,4485015,6,2,4485015,4485915,4487065,4484065,4484915.0,
641,78483,1901_04_TeamLI_TeamA3,237,,238,7896611,4,2,7896611,7898061,7898811,7895011,,
642,78680,1901_04_TeamLI_TeamA3,295,,297,10020759,4,2,10020759,10021509,10022459,10018459,10019509.0,
643,79141,1903_28_TeamNF_TeamA2,110,31.0,110,3545951,6,2,3545951,3547001,3547701,3543601,3544701.0,3545401.0
644,79396,1903_28_TeamNF_TeamA2,168,49.0,168,5713101,5,2,5713101,5714101,5714951,5711001,5711951.0,5712601.0
645,79490,1903_28_TeamNF_TeamA2,196,57.0,196,6898351,6,2,6898351,6899751,6900801,6897851,,
646,79685,1903_28_TeamNF_TeamA2,256,70.0,256,8913501,4,2,8913501,8914701,8915551,8911901,8912251.0,8912551.0
647,80238,1901_16_TeamLH_TeamA3,117,,119,4045923,4,2,4045923,4046723,4047323,4043623,4044623.0,4045273.0
648,80247,1901_16_TeamLH_TeamA3,118,,120,4088673,6,2,4088673,4089323,4090673,4086523,4087623.0,4088373.0
649,80593,1901_16_TeamLH_TeamA3,211,,213,7386520,5,2,7386520,7387970,7389120,7385120,7386070.0,
650,80608,1901_16_TeamLH_TeamA3,214,,216,7454770,4,2,7454770,7456420,7456970,7452970,7453720.0,7454320.0
651,81233,1902_25_TeamMH_TeamA3,79,20.0,80,2443512,5,2,2443512,2444212,2444962,2441512,2442562.0,2443062.0
652,81265,1902_25_TeamMH_TeamA3,87,21.0,88,2605012,5,2,2605012,2606462,2607462,2603562,2604212.0,2604662.0
653,81392,1902_25_TeamMH_TeamA3,122,31.0,123,3892962,4,2,3892962,3893762,3894412,3890362,3891862.0,3892562.0
654,81409,1902_25_TeamMH_TeamA3,126,32.0,127,3988812,5,2,3988812,3990362,3991762,3987512,3988512.0,
655,81510,1902_25_TeamMH_TeamA3,151,37.0,152,4894312,4,2,4894312,4895062,4896012,4892262,4892762.0,4893062.0
656,81535,1902_25_TeamMH_TeamA3,157,39.0,158,5040862,6,2,5040862,5042112,5043312,5039362,5039662.0,5039862.0
657,81580,1902_25_TeamMH_TeamA3,169,42.0,170,5463612,5,2,5463612,5465212,5466312,5462362,5463212.0,
658,82135,1902_25_TeamMH_TeamA3,322,75.0,323,10474747,6,2,10474747,10475397,10477647,10472947,10473647.0,10474197.0
659,83345,1903_07_TeamND_TeamA2,74,18.0,75,2104323,6,2,2104323,2104923,2105723,2101873,2103373.0,
660,83380,1903_07_TeamND_TeamA2,81,20.0,82,2240223,5,2,2240223,2241623,2242723,2239323,2239973.0,
661,83506,1903_07_TeamND_TeamA2,110,26.0,111,3209723,4,2,3209723,3210523,3211273,3207323,3208023.0,3208673.0
662,83541,1903_07_TeamND_TeamA2,120,28.0,121,3550873,4,2,3550873,3551923,3552573,3548673,3550323.0,
663,83563,1903_07_TeamND_TeamA2,125,29.0,126,3679273,4,2,3679273,3680923,3681573,3677773,3678223.0,3678623.0
664,84144,1903_07_TeamND_TeamA2,290,67.0,291,9484573,6,2,9484573,9485773,9486673,9482873,9484023.0,
665,84236,1903_07_TeamND_TeamA2,313,73.0,314,10392073,4,2,10392073,10392773,10393523,10389573,10390473.0,10391173.0
666,84276,1903_07_TeamND_TeamA2,322,76.0,323,10779073,4,2,10779073,10780373,10781023,10777273,10777873.0,10778323.0
667,84396,1902_20_TeamME_TeamA2,8,2.0,8,197828,6,2,197828,199028,200078,196828,197428.0,
668,84512,1902_20_TeamME_TeamA2,34,11.0,34,1150328,6,2,1150328,1151028,1151978,1148028,1149278.0,1150078.0
669,84578,1902_20_TeamME_TeamA2,53,16.0,53,1832428,5,2,1832428,1833578,1834478,1831678,,
670,84749,1902_20_TeamME_TeamA2,95,27.0,95,3251128,4,2,3251128,3252278,3253028,3249028,3250578.0,
671,84792,1902_20_TeamME_TeamA2,105,32.0,105,3747728,4,2,3747728,3749278,3750178,3745628,3746428.0,3747078.0
672,84867,1902_20_TeamME_TeamA2,124,37.0,124,4385978,5,2,4385978,4386678,4387578,4383728,4385428.0,
673,84889,1902_20_TeamME_TeamA2,129,38.0,129,4610528,4,2,4610528,4611428,4612378,4609078,4609478.0,4609778.0
674,84932,1902_20_TeamME_TeamA2,141,41.0,141,5009178,4,2,5009178,5010478,5011278,5007728,5008378.0,5008978.0
675,85055,1902_20_TeamME_TeamA2,171,47.0,171,6308678,4,2,6308678,6309778,6310528,6306728,6307328.0,6307878.0
676,85139,1902_20_TeamME_TeamA2,193,,193,7094078,6,2,7094078,7095028,7095928,7091778,7092428.0,7092928.0
677,85161,1902_20_TeamME_TeamA2,198,,198,7234978,6,2,7234978,7235378,7235978,7231828,7233728.0,7234628.0
678,85284,1902_20_TeamME_TeamA2,232,61.0,232,8860028,5,2,8860028,8861178,8862328,8858228,8859078.0,8859778.0
679,85646,1903_04_TeamNC_TeamA1,25,7.0,27,841619,4,2,841619,843069,843769,840869,841269.0,841519.0
680,85819,1903_04_TeamNC_TeamA1,67,19.0,69,2383419,5,2,2383419,2384919,2386069,2382219,,
681,85974,1903_04_TeamNC_TeamA1,109,29.0,114,3906619,4,2,3906619,3908219,3909269,3905569,3905969.0,3906219.0
682,85985,1903_04_TeamNC_TeamA1,111,30.0,116,3958669,5,2,3958669,3959669,3960569,3956619,3957969.0,
683,86023,1903_04_TeamNC_TeamA1,121,32.0,126,4379269,5,2,4379269,4380319,4381269,4377419,4377919.0,4378319.0
684,86110,1903_04_TeamNC_TeamA1,144,38.0,149,5139769,5,2,5139769,5140519,5141619,5137569,5138819.0,5139419.0
685,86217,1902_30_TeamMF_TeamA2,29,9.0,29,907104,6,2,907104,907654,909254,906804,,
686,86251,1902_30_TeamMF_TeamA2,37,11.0,37,1189104,4,2,1189104,1189954,1191004,1187804,1188354.0,1188804.0
687,86658,1902_30_TeamMF_TeamA2,150,,150,4861729,4,2,4861729,4863579,4864129,4860079,4861229.0,
688,86681,1902_30_TeamMF_TeamA2,155,39.0,155,5212479,4,2,5212479,5213579,5214529,5210679,5211379.0,5211929.0
689,86770,1902_30_TeamMF_TeamA2,178,43.0,178,6065329,4,2,6065329,6066329,6066979,6063929,6064479.0,6064979.0
690,86845,1902_30_TeamMF_TeamA2,194,48.0,194,6723079,5,2,6723079,6723779,6724529,6720729,6722579.0,
691,86965,1902_30_TeamMF_TeamA2,227,56.0,227,7853579,6,2,7853579,7854379,7855729,7851629,7852979.0,
692,87039,1902_30_TeamMF_TeamA2,248,61.0,248,8590479,6,2,8590479,8590979,8592079,8588179,8589829.0,
693,87128,1902_30_TeamMF_TeamA2,273,67.0,273,9496379,4,2,9496379,9497429,9498029,9494429,9495879.0,
694,87285,1902_30_TeamMF_TeamA2,320,76.0,320,11418164,4,2,11418164,11419014,11419914,11416464,11417664.0,
695,87307,1902_17_TeamMB_TeamA1,2,1.0,2,54734,4,2,54734,55984,56784,53884,54284.0,54584.0
696,87335,1902_17_TeamMB_TeamA1,9,3.0,9,195534,4,2,195534,196934,197734,194034,194634.0,195034.0
697,87462,1902_17_TeamMB_TeamA1,38,9.0,38,1311284,4,2,1311284,1312234,1312984,1309134,1310084.0,1310784.0
698,87531,1902_17_TeamMB_TeamA1,54,13.0,54,1778234,5,2,1778234,1779534,1780884,1777034,1777584.0,1778034.0
699,87543,1902_17_TeamMB_TeamA1,56,14.0,56,1836534,6,2,1836534,1837884,1838834,1835134,1835884.0,1836384.0
700,87552,1902_17_TeamMB_TeamA1,57,15.0,57,1880134,6,2,1880134,1881284,1882284,1878234,1879134.0,1879734.0
701,87564,1902_17_TeamMB_TeamA1,59,16.0,59,2043534,4,2,2043534,2045284,2045984,2042784,2043184.0,2043434.0
702,87641,1902_17_TeamMB_TeamA1,80,22.0,80,2704934,4,2,2704934,2705634,2706434,2702384,2704234.0,
703,87742,1902_17_TeamMB_TeamA1,99,30.0,99,3421320,4,2,3421320,3422220,3422870,3419220,3420120.0,3420620.0
704,87756,1902_17_TeamMB_TeamA1,102,31.0,102,3611870,6,2,3611870,3613070,3613920,3610370,3611220.0,
705,87764,1902_17_TeamMB_TeamA1,103,32.0,103,3640270,6,2,3640270,3641120,3642220,3638320,3639820.0,
706,87841,1902_17_TeamMB_TeamA1,123,38.0,124,4552118,6,2,4552118,4553468,4554768,4551568,,
707,87868,1902_17_TeamMB_TeamA1,129,40.0,130,4682668,6,2,4682668,4683218,4684068,4680318,4681568.0,4682368.0
708,88142,1902_17_TeamMB_TeamA1,202,54.0,203,7114332,4,2,7114332,7115132,7116182,7112282,7113832.0,
709,88298,1902_17_TeamMB_TeamA1,246,62.0,247,8514182,4,2,8514182,8515632,8516432,8512832,8513282.0,8513682.0
710,88739,1901_05_TeamLI_TeamA3,119,,119,4004852,5,2,4004852,4005702,4006702,4004402,,
711,89176,1901_05_TeamLI_TeamA3,247,,247,8482447,4,2,8482447,8483647,8484647,8480497,8481347.0,
712,89487,1901_05_TeamLI_TeamA3,334,,334,11424395,6,2,11424395,11425595,11426995,11424095,,
713,89975,1902_08_TeamMJ_TeamB,108,27.0,108,3960344,6,2,3960344,3961744,3962794,3959094,3959594.0,3960044.0
714,90031,1902_08_TeamMJ_TeamB,123,31.0,123,4407944,5,2,4407944,4409494,4410694,4406744,4407694.0,
715,90073,1902_08_TeamMJ_TeamB,133,33.0,133,4873194,4,2,4873194,4873894,4874844,4871394,4872644.0,
716,90170,1902_08_TeamMJ_TeamB,160,40.0,160,6309694,4,2,6309694,6311044,6311844,6307994,6309294.0,
717,90187,1902_08_TeamMJ_TeamB,164,41.0,164,6411944,5,2,6411944,6413694,6415044,6411394,6411844.0,
718,90429,1902_08_TeamMJ_TeamB,227,58.0,227,8699944,6,2,8699944,8700644,8701744,8698094,8698894.0,8699394.0
719,90447,1902_08_TeamMJ_TeamB,230,59.0,230,8776794,4,2,8776794,8777494,8778294,8774744,8775244.0,8775694.0
720,90756,1902_08_TeamMJ_TeamB,316,82.0,316,12221955,4,2,12221955,12222555,12223405,12219655,12221405.0,
721,90769,1902_08_TeamMJ_TeamB,318,83.0,318,12280905,6,2,12280905,12282055,12283155,12279555,12280055.0,12280405.0
722,90784,1902_08_TeamMJ_TeamB,321,84.0,321,12362405,6,2,12362405,12363005,12364005,12360305,12361505.0,12362155.0
723,90919,1902_08_TeamMJ_TeamB,357,93.0,357,13677505,6,2,13677505,13678455,13680155,13677205,,
724,91099,1903_10_TeamNJ_TeamB,12,5.0,13,459739,4,2,459739,460339,460939,456989,458089.0,458739.0
725,91133,1903_10_TeamNJ_TeamB,18,7.0,19,624139,4,2,624139,624689,625339,621589,623039.0,623789.0
726,91199,1903_10_TeamNJ_TeamB,38,11.0,41,1304539,6,2,1304539,1305639,1306439,1302289,1303389.0,1304039.0
727,91311,1903_10_TeamNJ_TeamB,67,17.0,70,2268389,5,2,2268389,2270289,2271189,2267889,,
728,91342,1903_10_TeamNJ_TeamB,73,20.0,76,2551289,6,2,2551289,2552089,2552939,2549289,2550739.0,
729,91421,1903_10_TeamNJ_TeamB,95,24.0,99,3318689,4,2,3318689,3319739,3320789,3316789,3318089.0,
730,91582,1903_10_TeamNJ_TeamB,137,34.0,141,4689989,4,2,4689989,4690539,4691189,4687739,4688389.0,4688739.0
731,91814,1903_10_TeamNJ_TeamB,200,51.0,204,7050722,4,2,7050722,7051422,7052722,7048972,7049472.0,7050322.0
732,91929,1903_10_TeamNJ_TeamB,230,62.0,234,8037822,5,2,8037822,8039072,8040372,8036422,8036922.0,8037322.0
733,92103,1903_29_TeamNF_TeamA2,24,4.0,24,616504,5,2,616504,617204,618004,613954,615754.0,
734,92142,1903_29_TeamNF_TeamA2,31,6.0,31,934254,4,2,934254,935204,935854,932054,932654.0,933054.0
735,92243,1903_29_TeamNF_TeamA2,60,13.0,60,1832054,5,2,1832054,1832854,1833804,1829904,1830704.0,1831254.0
736,92269,1903_29_TeamNF_TeamA2,67,16.0,67,2185529,5,2,2185529,2187529,2188729,2185279,,
737,92303,1903_29_TeamNF_TeamA2,76,18.0,76,2492529,6,2,2492529,2494079,2494679,2490129,2491179.0,2491929.0
738,92448,1903_29_TeamNF_TeamA2,114,28.0,114,3805221,6,2,3805221,3806221,3807221,3803171,3804821.0,
739,92514,1903_29_TeamNF_TeamA2,130,31.0,130,4382921,4,2,4382921,4383821,4384721,4381121,4381921.0,4382671.0
740,92561,1903_29_TeamNF_TeamA2,143,34.0,143,4802971,5,2,4802971,4804771,4805721,4801771,4802571.0,
741,92747,1903_29_TeamNF_TeamA2,197,46.0,197,6619821,4,2,6619821,6620821,6621971,6618521,6619071.0,6619521.0
742,92802,1903_29_TeamNF_TeamA2,211,49.0,211,7029871,4,2,7029871,7031371,7032121,7027821,7029171.0,
743,92879,1903_29_TeamNF_TeamA2,232,54.0,232,7824221,5,2,7824221,7825921,7826971,7822821,7823471.0,7823971.0
744,92968,1903_29_TeamNF_TeamA2,254,61.0,254,8745671,4,2,8745671,8746971,8747871,8744221,8744721.0,8745071.0
745,92976,1903_29_TeamNF_TeamA2,255,62.0,255,8891721,4,2,8891721,8892671,8893571,8889621,8891221.0,
746,93160,1901_17_TeamLH_TeamA3,12,,16,323044,5,2,323044,323844,324894,321244,322194.0,322844.0
747,93310,1901_17_TeamLH_TeamA3,50,,54,1470339,4,2,1470339,1471339,1472039,1468389,1469189.0,1469839.0
748,93348,1901_17_TeamLH_TeamA3,61,,66,1830038,6,2,1830038,1831488,1832538,1828388,1829388.0,
749,93551,1901_17_TeamLH_TeamA3,112,,117,3607337,6,2,3607337,3608137,3609337,3605587,3606237.0,3606637.0
750,93645,1901_17_TeamLH_TeamA3,140,,145,4532386,6,2,4532386,4533236,4534236,4531936,,
751,93721,1901_17_TeamLH_TeamA3,163,,168,5238785,4,2,5238785,5239885,5240685,5236585,5238085.0,
752,93826,1901_17_TeamLH_TeamA3,188,,193,6442034,6,2,6442034,6442834,6444134,6440384,6440934.0,6441234.0
753,94086,1901_17_TeamLH_TeamA3,260,,266,9061881,5,2,9061881,9063331,9064431,9060431,9060881.0,9061181.0
754,94169,1901_17_TeamLH_TeamA3,283,,289,9877381,6,2,9877381,9877981,9879281,9876381,9877031.0,
755,94328,1901_17_TeamLH_TeamA3,330,,336,11593379,4,2,11593379,11594279,11595029,11591279,11592129.0,11592879.0
756,94376,1901_17_TeamLH_TeamA3,340,,346,12083178,4,2,12083178,12083978,12084678,12080978,12081728.0,12082228.0
757,94421,1901_15_TeamLL_TeamB,2,,2,16921,4,2,16921,18271,19171,15172,15722.0,16122.0
758,94467,1901_15_TeamLL_TeamB,14,,14,323021,6,2,323021,324121,325321,322421,,
759,94555,1901_15_TeamLL_TeamB,38,,38,1258570,4,2,1258570,1259920,1260770,1256720,1257170.0,
760,94739,1901_15_TeamLL_TeamB,91,,91,3010569,4,2,3010569,3011469,3012319,3008569,3008969.0,
761,95187,1901_15_TeamLL_TeamB,213,,213,7764564,4,2,7764564,7765514,7766614,7763864,,
762,95224,1901_15_TeamLL_TeamB,223,,223,8070864,5,2,8070864,8072414,8073464,8069064,,
763,95257,1901_15_TeamLL_TeamB,232,,232,8429613,6,2,8429613,8430263,8431513,8428963,,
764,95317,1901_15_TeamLL_TeamB,248,,248,9205113,4,2,9205113,9206163,9207113,9204513,,
765,95505,1903_13_TeamNG_TeamA3,49,13.0,49,1461084,4,2,1461084,1462534,1463284,1459584,1460484.0,
766,95538,1903_13_TeamNG_TeamA3,56,16.0,56,1775784,4,2,1775784,1776684,1777634,1773984,1775384.0,
767,95555,1903_13_TeamNG_TeamA3,60,17.0,60,1865534,6,2,1865534,1866234,1867084,1863334,1865234.0,
768,96050,1903_13_TeamNG_TeamA3,207,52.0,207,6886684,4,2,6886684,6887334,6887934,6884234,6885534.0,6886234.0
769,96226,1903_13_TeamNG_TeamA3,255,64.0,255,8799684,4,2,8799684,8800634,8801434,8797934,8799284.0,
770,96350,1903_21_TeamNL_TeamB,36,9.0,38,1109808,5,2,1109808,1111608,1112758,1108908,1109358.0,
771,96458,1903_21_TeamNL_TeamB,62,17.0,64,1918158,5,2,1918158,1919758,1920858,1917208,1918058.0,
772,96632,1903_21_TeamNL_TeamB,101,30.0,103,3348708,6,2,3348708,3350108,3351308,3347508,3347958.0,3348308.0
773,96924,1903_21_TeamNL_TeamB,172,53.0,175,5952508,4,2,5952508,5953608,5954508,5950708,5951458.0,5951858.0
774,97090,1903_30_TeamNF_TeamA2,1,1.0,1,16397,6,2,16397,17297,18697,14597,15797.0,
775,97193,1903_30_TeamNF_TeamA2,30,6.0,30,767247,5,2,767247,768047,768847,765297,766097.0,766597.0
776,97206,1903_30_TeamNF_TeamA2,32,7.0,32,832547,6,2,832547,833647,834647,830847,831447.0,831897.0
777,97408,1903_30_TeamNF_TeamA2,87,20.0,87,2424797,5,2,2424797,2425597,2427097,2423047,2424097.0,2424647.0
778,97489,1903_30_TeamNF_TeamA2,106,25.0,106,3163097,6,2,3163097,3164797,3166147,3162997,,
779,97516,1903_30_TeamNF_TeamA2,113,27.0,113,3320147,5,2,3320147,3320847,3322197,3318297,3319797.0,
780,97581,1903_30_TeamNF_TeamA2,131,32.0,131,3952847,6,2,3952847,3954047,3954997,3951047,3951547.0,3952197.0
781,97607,1903_30_TeamNF_TeamA2,138,34.0,138,4203897,4,2,4203897,4204497,4206397,4201797,4203297.0,
782,97620,1903_30_TeamNF_TeamA2,140,35.0,140,4261947,6,2,4261947,4262997,4264497,4260297,4260847.0,4261397.0
783,97648,1903_30_TeamNF_TeamA2,147,36.0,147,4512747,5,2,4512747,4514047,4515097,4511447,4511797.0,4512197.0
784,97734,1903_30_TeamNF_TeamA2,171,43.0,171,5372497,4,2,5372497,5373547,5374347,5370697,5371647.0,5372197.0
785,97818,1903_30_TeamNF_TeamA2,193,48.0,193,6011647,5,2,6011647,6013247,6014797,6010697,6011147.0,
786,97877,1903_30_TeamNF_TeamA2,205,52.0,205,6458247,6,2,6458247,6459397,6460247,6457347,6457847.0,
787,97888,1903_30_TeamNF_TeamA2,207,53.0,207,6625547,6,2,6625547,6626997,6627847,6623397,6624997.0,
788,97910,1903_30_TeamNF_TeamA2,212,55.0,212,6759947,6,2,6759947,6761047,6762047,6758097,6758797.0,6759247.0
789,98101,1903_30_TeamNF_TeamA2,259,69.0,259,8530197,5,2,8530197,8531397,8532547,8528847,8529347.0,8529647.0
790,98170,1903_06_TeamND_TeamA2,17,5.0,17,462524,6,2,462524,463274,464124,460124,461374.0,462174.0
791,98233,1903_06_TeamND_TeamA2,29,9.0,29,820324,4,2,820324,821874,822724,819324,819774.0,820074.0
792,98260,1903_06_TeamND_TeamA2,36,11.0,36,1059374,6,2,1059374,1060774,1062124,1058474,1059024.0,
793,98446,1903_06_TeamND_TeamA2,88,25.0,90,2746624,6,2,2746624,2747574,2748424,2746174,,
794,98466,1903_06_TeamND_TeamA2,93,27.0,95,2888174,6,2,2888174,2889224,2890374,2886624,2887574.0,
795,98583,1903_06_TeamND_TeamA2,123,37.0,125,3951724,4,2,3951724,3952974,3953774,3950224,,
796,98730,1903_06_TeamND_TeamA2,157,46.0,159,5154274,5,2,5154274,5155474,5156374,5152624,5154124.0,
797,98923,1903_06_TeamND_TeamA2,207,60.0,210,6961374,6,2,6961374,6962224,6963124,6959124,6960574.0,
798,99078,1903_06_TeamND_TeamA2,248,68.0,252,8341674,6,2,8341674,8342274,8343424,8339274,8340374.0,8341324.0
799,99238,1903_25_TeamNH_TeamA3,39,10.0,40,1188561,4,2,1188561,1189711,1190661,1186711,1188111.0,
800,99349,1903_25_TeamNH_TeamA3,67,19.0,68,2133761,4,2,2133761,2134811,2135561,2132461,2133061.0,2133461.0
801,99382,1903_25_TeamNH_TeamA3,76,22.0,77,2490761,4,2,2490761,2492311,2493011,2489111,2490211.0,
802,99514,1903_25_TeamNH_TeamA3,111,32.0,112,3649461,5,2,3649461,3650161,3651561,3647611,3649161.0,
803,99526,1903_25_TeamNH_TeamA3,113,33.0,114,3797661,6,2,3797661,3798311,3799761,3795761,3796611.0,3797361.0
804,99664,1903_25_TeamNH_TeamA3,151,44.0,152,5231061,6,2,5231061,5231761,5232861,5228861,5230661.0,
805,99721,1903_25_TeamNH_TeamA3,166,48.0,167,5693411,4,2,5693411,5694361,5695111,5692011,5692411.0,5692711.0
806,99948,1903_25_TeamNH_TeamA3,224,63.0,225,8022411,4,2,8022411,8023911,8024561,8020511,8021911.0,
807,100006,1903_25_TeamNH_TeamA3,241,67.0,242,8612911,6,2,8612911,8613911,8614761,8610761,8612411.0,
808,100197,1902_21_TeamME_TeamA2,4,1.0,4,53608,6,2,53608,54658,56158,51908,52408.0,52808.0
809,100267,1902_21_TeamME_TeamA2,21,5.0,21,633908,4,2,633908,634658,635408,631858,632758.0,633358.0
810,100317,1902_21_TeamME_TeamA2,33,,33,904908,6,2,904908,905608,906958,902908,903958.0,904858.0
811,100499,1902_21_TeamME_TeamA2,76,22.0,76,2686458,4,2,2686458,2688058,2688858,2685758,2686108.0,
812,100552,1902_21_TeamME_TeamA2,86,,86,3091708,6,2,3091708,3093108,3094008,3090358,3090908.0,3091358.0
813,100607,1902_21_TeamME_TeamA2,99,31.0,99,3610058,4,2,3610058,3611358,3612358,3608408,3609658.0,
814,100649,1902_21_TeamME_TeamA2,111,34.0,111,4020858,6,2,4020858,4021558,4022208,4018508,4020208.0,
815,100748,1902_21_TeamME_TeamA2,141,41.0,141,4887358,4,2,4887358,4888608,4889208,4885408,4886808.0,
816,100759,1902_21_TeamME_TeamA2,143,42.0,143,5064408,5,2,5064408,5065458,5066508,5062358,5064008.0,
817,100894,1902_21_TeamME_TeamA2,174,53.0,174,6306108,4,2,6306108,6307208,6308008,6304208,6305108.0,6305758.0
818,100962,1902_21_TeamME_TeamA2,187,58.0,187,6923808,5,2,6923808,6925458,6926508,6922558,6923658.0,
819,101735,1901_11_TeamLJ_TeamB,146,,146,5354141,6,2,5354141,5355141,5356091,5353541,,
820,101764,1901_11_TeamLJ_TeamB,153,,153,5722041,4,2,5722041,5723591,5724441,5720241,5721091.0,5721791.0
821,101771,1901_11_TeamLJ_TeamB,154,,154,5765841,6,2,5765841,5767341,5768341,5765391,,
822,101808,1901_11_TeamLJ_TeamB,164,,164,6225590,4,2,6225590,6226740,6227640,6224040,6224690.0,6225040.0
823,101897,1901_11_TeamLJ_TeamB,189,,189,7093689,5,2,7093689,7095339,7096239,7092539,7093539.0,
824,101913,1901_11_TeamLJ_TeamB,193,,193,7243989,6,2,7243989,7245239,7246139,7243539,,
825,102014,1901_11_TeamLJ_TeamB,220,,220,8475488,6,2,8475488,8476988,8477938,8474988,,
826,102112,1901_11_TeamLJ_TeamB,250,,250,9466987,5,2,9466987,9468487,9469737,9465987,9466487.0,
827,102216,1901_11_TeamLJ_TeamB,282,,284,10821336,6,2,10821336,10822136,10823086,10819436,10820786.0,
828,102268,1901_11_TeamLJ_TeamB,296,,298,11421035,6,2,11421035,11422135,11422785,11418835,11420235.0,
829,102331,1902_31_TeamMF_TeamA2,19,5.0,19,520346,5,2,520346,521546,522746,519046,520046.0,
830,102389,1902_31_TeamMF_TeamA2,35,9.0,35,976246,4,2,976246,977596,978546,974396,975046.0,975446.0
831,102499,1902_31_TeamMF_TeamA2,66,16.0,66,1860696,6,2,1860696,1861796,1862796,1858746,1859596.0,1860096.0
832,102520,1902_31_TeamMF_TeamA2,71,18.0,71,1964196,4,2,1964196,1965246,1966046,1962296,1963496.0,
833,102916,1902_31_TeamMF_TeamA2,188,47.0,188,5959246,6,2,5959246,5960746,5961596,5957496,5958696.0,
834,102977,1902_31_TeamMF_TeamA2,203,51.0,203,6460146,4,2,6460146,6461596,6462496,6458796,6459296.0,6459646.0
835,103122,1902_31_TeamMF_TeamA2,245,60.0,245,7942046,6,2,7942046,7943646,7944796,7941046,7941646.0,
836,103268,1902_31_TeamMF_TeamA2,287,71.0,288,9336846,6,2,9336846,9338796,9340096,9335946,9336346.0,9336596.0
