,player_id,1,2,3,4,5,6,7,8,9,10,11,12,13,14,15,16,17,18,19,20,21,22,23,24,25,26,27,28,29,30,31,32,33,34,35,36,37,38,39,40,41,42,43,44,45,46,47,48,49,50,51,52,53,54,55,56,57,58,59,60,61,62,63,64,65,66,67,68,69,70,71,72,73,74,75,76,77,78,79,80,81,82,83,84,85,86,87,88,89,90
0,9762,500.0,650.0,750.0,850.0,950.0,1050.0,1150.0,1200.0,1300.0,1350.0,1400.0,1500.0,1550.0,1600.0,1700.0,1750.0,1800.0,1850.0,1900.0,2000.0,2050.0,2100.0,2150.0,2200.0,2300.0,2350.0,2400.0,2450.0,2500.0,2550.0,2650.0,2700.0,2750.0,2800.0,2850.0,,,,,,,,,,,,,,,,,,,,,,,,,,,,,,,,,,,,,,,,,,,,,,,,,,,,,,,
1,1972,200.0,400.0,550.0,700.0,750.0,800.0,850.0,900.0,950.0,1050.0,1100.0,1150.0,1200.0,1250.0,1300.0,1350.0,1400.0,1450.0,1500.0,1550.0,1600.0,1650.0,1700.0,1750.0,1800.0,1850.0,1900.0,1950.0,2000.0,2050.0,2100.0,2150.0,2200.0,2250.0,2300.0,2350.0,2400.0,2450.0,2500.0,2550.0,2600.0,2650.0,2700.0,2750.0,2800.0,2850.0,2900.0,2950.0,3000.0,3050.0,3100.0,3150.0,3200.0,3250.0,3300.0,3350.0,3400.0,3450.0,3500.0,3550.0,3600.0,3650.0,3700.0,3750.0,3800.0,3850.0,4250.0,4300.0,4350.0,4400.0,4450.0,4500.0,4550.0,4600.0,4650.0,4700.0,,,,,,,,,,,,,,
2,2053,150.0,250.0,400.0,500.0,650.0,750.0,900.0,1000.0,1150.0,1250.0,1400.0,1450.0,1500.0,1550.0,1600.0,1650.0,1700.0,1750.0,1800.0,1850.0,1900.0,1950.0,2000.0,2050.0,2100.0,2150.0,2200.0,2250.0,2300.0,2350.0,2400.0,2450.0,2500.0,2550.0,2600.0,2650.0,2700.0,2750.0,2800.0,2850.0,2900.0,2950.0,3000.0,3050.0,3100.0,3150.0,3200.0,3250.0,3300.0,3350.0,3400.0,3450.0,3500.0,3550.0,3600.0,3650.0,3700.0,3750.0,3800.0,3850.0,3900.0,3550.0,3600.0,3650.0,3700.0,3750.0,3800.0,3850.0,3900.0,3850.0,3900.0,,,,,,,,,,,,,,,,,,,
3,1297,150.0,250.0,350.0,450.0,550.0,650.0,700.0,750.0,850.0,900.0,950.0,1000.0,1050.0,1150.0,1200.0,1250.0,1300.0,1350.0,1400.0,1450.0,1500.0,1550.0,1600.0,1650.0,1700.0,1750.0,1800.0,1850.0,1900.0,1950.0,2000.0,2050.0,2100.0,2150.0,2200.0,2250.0,2300.0,2350.0,2400.0,2450.0,2500.0,2550.0,2600.0,2650.0,2700.0,2750.0,2800.0,2850.0,2900.0,2950.0,3000.0,3050.0,3100.0,3150.0,3200.0,3250.0,3300.0,3350.0,3400.0,3450.0,3500.0,3550.0,3600.0,3650.0,3700.0,3750.0,3800.0,3850.0,3900.0,3950.0,,,,,,,,,,,,,,,,,,,,
4,2382,150.0,250.0,400.0,500.0,650.0,750.0,900.0,1000.0,1100.0,1200.0,1250.0,1300.0,1400.0,1450.0,1500.0,1550.0,1650.0,1700.0,1750.0,1800.0,1850.0,1900.0,1950.0,2000.0,2050.0,2100.0,2150.0,2200.0,2250.0,2300.0,2350.0,2400.0,2450.0,2500.0,2550.0,2600.0,2650.0,2700.0,2750.0,2800.0,2850.0,2900.0,2950.0,3000.0,3050.0,3100.0,3150.0,3200.0,3250.0,3300.0,3350.0,3400.0,3450.0,3500.0,3550.0,3600.0,3650.0,3700.0,3750.0,3800.0,3850.0,3900.0,3950.0,4000.0,4050.0,4100.0,4150.0,4200.0,4250.0,4300.0,,,,,,,,,,,,,,,,,,,,
5,6697,250.0,600.0,750.0,800.0,900.0,1000.0,1050.0,1100.0,1150.0,1200.0,1250.0,1300.0,1350.0,1400.0,1450.0,1500.0,1550.0,1600.0,1650.0,1700.0,1750.0,1800.0,1850.0,1900.0,1950.0,2000.0,2050.0,2100.0,2150.0,2200.0,2250.0,2300.0,2350.0,2400.0,2450.0,2500.0,2550.0,2600.0,2650.0,2700.0,2750.0,2800.0,2850.0,2900.0,2950.0,3000.0,3050.0,3100.0,3150.0,3200.0,3250.0,3300.0,3350.0,3400.0,3450.0,3500.0,3550.0,3600.0,3650.0,3700.0,3750.0,3800.0,3850.0,3900.0,3950.0,4000.0,4050.0,4100.0,4150.0,4200.0,4250.0,4300.0,4350.0,4400.0,3900.0,3950.0,4000.0,4050.0,4100.0,4150.0,4200.0,4250.0,4300.0,4350.0,4400.0,4300.0,4350.0,4400.0,,
6,4704,500.0,750.0,850.0,950.0,1000.0,1100.0,1200.0,1250.0,1300.0,1350.0,1450.0,1500.0,1550.0,1600.0,1650.0,1700.0,1750.0,1800.0,1850.0,1900.0,1950.0,2000.0,2050.0,2100.0,2150.0,2200.0,2250.0,2300.0,2350.0,2400.0,2450.0,2500.0,2550.0,2600.0,2650.0,2700.0,2750.0,2800.0,2850.0,2900.0,2950.0,3000.0,3050.0,3100.0,3150.0,3200.0,3250.0,3300.0,3350.0,3400.0,3450.0,3500.0,3550.0,3600.0,3650.0,3700.0,3750.0,3800.0,3850.0,3900.0,3950.0,4000.0,4050.0,4100.0,4150.0,4200.0,4250.0,3850.0,3900.0,3950.0,4000.0,4050.0,4100.0,4150.0,4200.0,4250.0,4150.0,4200.0,4250.0,,,,,,,,,,,
7,1628,100.0,200.0,300.0,350.0,400.0,500.0,550.0,600.0,650.0,750.0,800.0,850.0,900.0,950.0,1000.0,1050.0,1100.0,1150.0,1200.0,1250.0,1300.0,1350.0,1400.0,1450.0,1500.0,1550.0,1600.0,1650.0,1700.0,1750.0,1800.0,1850.0,1900.0,1950.0,2000.0,2050.0,2100.0,2150.0,2200.0,2250.0,2300.0,2350.0,2400.0,2450.0,2500.0,2550.0,2600.0,2650.0,2700.0,2750.0,2800.0,2850.0,2900.0,2950.0,3000.0,3050.0,3100.0,3150.0,3200.0,3250.0,3300.0,3350.0,3400.0,3450.0,3500.0,3550.0,3600.0,3100.0,3150.0,3200.0,3250.0,3300.0,3350.0,3400.0,3450.0,3500.0,3550.0,3600.0,,,,,,,,,,,,
8,2590,200.0,350.0,500.0,600.0,650.0,750.0,850.0,900.0,950.0,1050.0,1100.0,1150.0,1250.0,1300.0,1350.0,1400.0,1450.0,1500.0,1550.0,1600.0,1650.0,1750.0,1800.0,1850.0,1900.0,1950.0,2000.0,2050.0,2100.0,2150.0,2200.0,2250.0,2300.0,2350.0,2400.0,2450.0,2500.0,2550.0,2600.0,2650.0,2700.0,2750.0,2800.0,2850.0,2900.0,2950.0,3000.0,3050.0,3100.0,3150.0,3200.0,3250.0,3300.0,3400.0,3450.0,3500.0,3550.0,3600.0,3650.0,3700.0,3750.0,3800.0,3850.0,3900.0,3950.0,4000.0,4050.0,4100.0,4150.0,4200.0,4250.0,4300.0,4350.0,4400.0,4450.0,4500.0,4550.0,4600.0,4650.0,4700.0,5350.0,5400.0,5500.0,5550.0,,,,,,
9,1784,500.0,750.0,850.0,900.0,1000.0,1100.0,1150.0,1250.0,1350.0,1400.0,1450.0,1500.0,1550.0,1600.0,1650.0,1700.0,1750.0,1800.0,1850.0,1900.0,1950.0,2000.0,2050.0,2100.0,2150.0,2200.0,2250.0,2300.0,2350.0,2400.0,2450.0,2500.0,2550.0,2600.0,2650.0,2700.0,2750.0,2800.0,2850.0,2900.0,2950.0,3000.0,3050.0,3100.0,3150.0,3200.0,3250.0,3300.0,3350.0,3400.0,3450.0,3500.0,3550.0,3600.0,3650.0,3700.0,3750.0,3800.0,3850.0,3900.0,3950.0,4000.0,4050.0,4100.0,4150.0,4200.0,4250.0,4300.0,4350.0,4400.0,4450.0,4500.0,4550.0,4900.0,4950.0,5000.0,5050.0,5100.0,5150.0,5200.0,5250.0,5300.0,5350.0,5400.0,5450.0,5500.0,5550.0,,,
10,9325,500.0,750.0,850.0,900.0,1000.0,1100.0,1150.0,1200.0,1250.0,1300.0,1350.0,1450.0,1500.0,1550.0,1600.0,1650.0,1700.0,1750.0,1800.0,1850.0,1900.0,1950.0,2000.0,2050.0,2100.0,2150.0,2200.0,2250.0,2300.0,2350.0,2400.0,2450.0,2500.0,2550.0,2600.0,2650.0,2700.0,2750.0,2800.0,2850.0,2900.0,2950.0,3000.0,3050.0,3100.0,3150.0,3200.0,3250.0,3300.0,3350.0,3400.0,3100.0,3150.0,3200.0,3250.0,3300.0,3350.0,3400.0,,,,,,,,,,,,,,,,,,,,,,,,,,,,,,,,
11,1643,100.0,150.0,200.0,250.0,300.0,350.0,400.0,450.0,500.0,550.0,600.0,700.0,750.0,800.0,850.0,900.0,950.0,1000.0,1050.0,1100.0,1150.0,1200.0,1250.0,1350.0,1400.0,1450.0,1500.0,1550.0,1600.0,1650.0,1700.0,1750.0,1800.0,1850.0,1900.0,2000.0,2050.0,2100.0,2150.0,2200.0,2250.0,2300.0,2350.0,2400.0,2450.0,2500.0,2550.0,2650.0,2700.0,2750.0,2800.0,2850.0,2900.0,2950.0,3000.0,3050.0,3100.0,3150.0,3250.0,3300.0,3350.0,3400.0,3450.0,3500.0,3550.0,3600.0,3650.0,3700.0,3750.0,3800.0,3900.0,3950.0,4000.0,4050.0,,,,,,,,,,,,,,,,
12,1258,350.0,550.0,700.0,850.0,950.0,1050.0,1100.0,1200.0,1250.0,1300.0,1350.0,1400.0,1500.0,1550.0,1600.0,1650.0,1700.0,1750.0,1800.0,1850.0,1900.0,1950.0,2000.0,2050.0,2100.0,2150.0,2200.0,2250.0,2300.0,2350.0,2400.0,2450.0,2500.0,2550.0,2600.0,2650.0,2700.0,2750.0,2800.0,2850.0,2900.0,2950.0,3000.0,3050.0,3100.0,3150.0,3200.0,3250.0,3300.0,3350.0,3400.0,3450.0,3500.0,3550.0,3600.0,3650.0,3700.0,3750.0,3800.0,3850.0,3900.0,3950.0,4000.0,4050.0,4100.0,4150.0,4200.0,4250.0,4300.0,4350.0,4400.0,4450.0,4500.0,4550.0,4600.0,4650.0,4700.0,4750.0,4800.0,4850.0,,,,,,,,,,
13,2190,250.0,500.0,600.0,750.0,850.0,900.0,1000.0,1050.0,1150.0,1200.0,1250.0,1300.0,1400.0,1450.0,1500.0,1550.0,1600.0,1650.0,1700.0,1750.0,1800.0,1850.0,1900.0,1950.0,2000.0,2050.0,2100.0,2150.0,2200.0,2250.0,2300.0,2350.0,2400.0,2450.0,2500.0,2550.0,2600.0,2650.0,2700.0,2750.0,2800.0,2850.0,2900.0,2950.0,3000.0,3050.0,3100.0,3150.0,3200.0,3250.0,3300.0,3350.0,3400.0,3450.0,3500.0,3550.0,3600.0,3650.0,3700.0,3750.0,3800.0,3850.0,3900.0,3950.0,4000.0,4050.0,4100.0,4150.0,4200.0,4250.0,4300.0,4350.0,4400.0,4450.0,4500.0,4550.0,4750.0,4800.0,,,,,,,,,,,,
14,1119,150.0,250.0,850.0,900.0,950.0,1050.0,1100.0,1150.0,1200.0,1250.0,1300.0,1350.0,1400.0,1450.0,1500.0,1550.0,1600.0,1650.0,1700.0,1750.0,1800.0,1850.0,1900.0,1950.0,2000.0,2050.0,2100.0,2150.0,2200.0,2250.0,2300.0,2350.0,2400.0,2450.0,2500.0,2550.0,2600.0,2650.0,2700.0,2750.0,2800.0,2850.0,2900.0,2950.0,3000.0,3050.0,3100.0,3150.0,3200.0,3250.0,3300.0,3350.0,3400.0,3450.0,3500.0,3550.0,3600.0,3650.0,3700.0,3750.0,3800.0,3850.0,3900.0,3950.0,4000.0,4050.0,4100.0,4150.0,4200.0,4250.0,4600.0,4650.0,4700.0,4750.0,4800.0,4850.0,4900.0,4950.0,5000.0,5100.0,5150.0,5250.0,5300.0,5400.0,5500.0,5550.0,5650.0,5750.0,5800.0,
15,8033,250.0,1000.0,1100.0,1150.0,1200.0,1250.0,1350.0,1400.0,1450.0,1500.0,1600.0,1650.0,1700.0,1750.0,1800.0,1850.0,1900.0,1950.0,2000.0,2050.0,2100.0,2150.0,2200.0,2250.0,2300.0,2350.0,2400.0,2450.0,2500.0,2550.0,2600.0,2650.0,2700.0,2750.0,2800.0,2850.0,2900.0,2900.0,2950.0,,,,,,,,,,,,,,,,,,,,,,,,,,,,,,,,,,,,,,,,,,,,,,,,,,,
16,9941,400.0,600.0,750.0,850.0,950.0,1050.0,1150.0,1200.0,1250.0,1350.0,1400.0,1450.0,1500.0,1550.0,1600.0,1650.0,1700.0,1750.0,1800.0,1850.0,1900.0,1950.0,2000.0,2050.0,2100.0,2150.0,2200.0,2250.0,2300.0,2350.0,2400.0,2450.0,2500.0,2550.0,2600.0,2650.0,2700.0,2750.0,2800.0,2850.0,2900.0,2950.0,3000.0,3050.0,3100.0,3150.0,3200.0,3250.0,3300.0,3350.0,3400.0,3450.0,3500.0,3550.0,3600.0,3650.0,3700.0,3750.0,3800.0,3850.0,3900.0,3950.0,4000.0,4050.0,3600.0,3650.0,3700.0,3750.0,3800.0,3850.0,3900.0,3950.0,4000.0,4050.0,,,,,,,,,,,,,,,,
17,4557,650.0,900.0,950.0,1000.0,1050.0,1100.0,1150.0,1200.0,1250.0,1300.0,1350.0,1400.0,1450.0,1500.0,1550.0,1600.0,1650.0,1700.0,1750.0,1800.0,1850.0,1900.0,1950.0,2000.0,2050.0,2100.0,2150.0,2200.0,2250.0,2300.0,2350.0,2400.0,2450.0,2500.0,2550.0,2600.0,2650.0,2700.0,2750.0,2800.0,2850.0,2900.0,2950.0,3000.0,3050.0,3100.0,3150.0,3200.0,3250.0,3300.0,3350.0,3400.0,3450.0,3500.0,3550.0,3600.0,3650.0,3700.0,3750.0,3800.0,3850.0,3900.0,3950.0,4000.0,4050.0,4100.0,4150.0,,,,,,,,,,,,,,,,,,,,,,,
18,2235,100.0,200.0,250.0,350.0,400.0,500.0,550.0,600.0,650.0,750.0,800.0,850.0,900.0,950.0,1000.0,1100.0,1150.0,1200.0,1350.0,1400.0,1450.0,1500.0,1550.0,1600.0,1650.0,1700.0,1750.0,1800.0,1850.0,1900.0,1950.0,2000.0,2050.0,2100.0,2150.0,2200.0,2250.0,2300.0,2350.0,2400.0,2450.0,2500.0,2550.0,2600.0,2650.0,2700.0,2750.0,2800.0,2850.0,2900.0,2950.0,3000.0,3050.0,3100.0,3150.0,3200.0,3250.0,3300.0,3350.0,3400.0,3450.0,3500.0,3550.0,3600.0,3650.0,3700.0,3750.0,3800.0,3850.0,3250.0,3300.0,3350.0,3400.0,3450.0,3500.0,3550.0,3600.0,3650.0,3700.0,3750.0,3800.0,3850.0,3700.0,3750.0,3800.0,3850.0,3850.0,,,
19,1144,250.0,400.0,500.0,550.0,650.0,700.0,750.0,850.0,900.0,1000.0,1050.0,1100.0,1150.0,1200.0,1250.0,1300.0,1350.0,1400.0,1450.0,1500.0,1550.0,1600.0,1650.0,1700.0,1750.0,1800.0,1850.0,1900.0,1950.0,2000.0,2050.0,2100.0,2150.0,2200.0,2250.0,2300.0,2350.0,2400.0,2450.0,2500.0,2550.0,2600.0,2650.0,2700.0,2750.0,2800.0,2850.0,2900.0,2950.0,3000.0,3050.0,3100.0,3150.0,3200.0,3250.0,3300.0,3350.0,3400.0,3250.0,3300.0,3350.0,3400.0,3450.0,3500.0,3550.0,3600.0,3650.0,3700.0,,,,,,,,,,,,,,,,,,,,,,
20,1080,330.0,561.0,759.0,825.0,891.0,990.0,1056.0,1122.0,1221.0,1287.0,1353.0,1386.0,1452.0,1518.0,1584.0,1617.0,1683.0,1716.0,1782.0,1815.0,1848.0,1914.0,1947.0,1980.0,2046.0,2079.0,2112.0,2178.0,2211.0,2244.0,2310.0,2343.0,2376.0,2409.0,2442.0,2508.0,2541.0,2574.0,2607.0,2673.0,2706.0,2739.0,2772.0,2805.0,2871.0,2904.0,2937.0,2970.0,3003.0,3036.0,3069.0,3135.0,3168.0,3201.0,3267.0,3300.0,3333.0,3366.0,3432.0,3465.0,3498.0,3564.0,3597.0,3630.0,3663.0,3729.0,3762.0,3795.0,3828.0,3894.0,3927.0,3960.0,4026.0,4059.0,4092.0,4125.0,4158.0,4224.0,4257.0,4290.0,4356.0,4389.0,4422.0,4488.0,4521.0,4554.0,4620.0,4653.0,4686.0,
21,8169,350.0,600.0,750.0,800.0,900.0,950.0,1000.0,1100.0,1150.0,1200.0,1250.0,1300.0,1350.0,1450.0,1500.0,1550.0,1600.0,1650.0,1700.0,1750.0,1800.0,1850.0,1900.0,1950.0,2000.0,2050.0,2100.0,2150.0,2200.0,2250.0,2300.0,2350.0,2400.0,2450.0,2500.0,2550.0,2600.0,2650.0,2700.0,2750.0,2800.0,2850.0,2900.0,2950.0,3000.0,3050.0,3100.0,3150.0,3200.0,3250.0,3300.0,3350.0,3400.0,3450.0,3500.0,3550.0,3600.0,3650.0,3700.0,3750.0,3800.0,3850.0,3900.0,3950.0,4000.0,4050.0,4100.0,4150.0,4200.0,4250.0,4300.0,4350.0,4400.0,4450.0,4500.0,4550.0,4600.0,,,,,,,,,,,,,
22,6201,450.0,650.0,800.0,900.0,1000.0,1100.0,1200.0,1250.0,1300.0,1400.0,1450.0,1500.0,1600.0,1650.0,1700.0,1750.0,1800.0,1850.0,1900.0,1950.0,2000.0,2100.0,2150.0,2200.0,2250.0,2300.0,2350.0,2400.0,2450.0,2500.0,2550.0,2600.0,2650.0,2700.0,2750.0,2800.0,2850.0,2900.0,2950.0,3000.0,3050.0,3100.0,3150.0,3200.0,3250.0,3300.0,3350.0,3400.0,3450.0,3500.0,3550.0,3600.0,3650.0,3700.0,3750.0,3800.0,3850.0,3900.0,3950.0,4000.0,4050.0,4100.0,4150.0,4200.0,4250.0,4300.0,4350.0,4400.0,4450.0,4500.0,4200.0,4250.0,4300.0,4350.0,4400.0,4450.0,4500.0,,,,,,,,,,,,,
23,2614,66.0,132.0,165.0,231.0,264.0,330.0,363.0,429.0,462.0,528.0,594.0,627.0,693.0,726.0,792.0,825.0,891.0,924.0,990.0,1023.0,1089.0,1122.0,1188.0,1254.0,1287.0,1353.0,1386.0,1452.0,1485.0,1551.0,1584.0,1650.0,1683.0,1749.0,1815.0,1848.0,1914.0,1947.0,2013.0,2046.0,2112.0,2145.0,2211.0,2244.0,2310.0,2376.0,2409.0,2475.0,2508.0,2574.0,2607.0,2673.0,2706.0,2772.0,2805.0,2871.0,2937.0,2970.0,3036.0,3069.0,3135.0,3168.0,3234.0,3267.0,3333.0,3366.0,3432.0,3498.0,3531.0,3597.0,3630.0,3696.0,3729.0,3795.0,3828.0,3894.0,3927.0,3993.0,4059.0,4092.0,4158.0,4191.0,4257.0,4290.0,4356.0,4389.0,4455.0,4488.0,4554.0,
24,2653,66.0,132.0,165.0,231.0,264.0,330.0,363.0,429.0,462.0,528.0,594.0,627.0,693.0,726.0,792.0,825.0,891.0,924.0,990.0,1023.0,1089.0,1122.0,1188.0,1254.0,1287.0,1353.0,1386.0,1452.0,1485.0,1551.0,1584.0,1650.0,1683.0,1749.0,1815.0,1848.0,1914.0,1947.0,2013.0,2046.0,2112.0,2145.0,2211.0,2244.0,2310.0,2376.0,2409.0,2475.0,2508.0,2574.0,2607.0,2673.0,2706.0,2772.0,2805.0,2871.0,2937.0,2970.0,3036.0,3069.0,3135.0,3168.0,3234.0,3267.0,3333.0,3366.0,3432.0,3498.0,3531.0,3597.0,3630.0,3696.0,3729.0,3795.0,3828.0,3894.0,3927.0,3993.0,4059.0,4092.0,4158.0,4191.0,4257.0,4290.0,4356.0,4389.0,4455.0,4488.0,4554.0,
25,6084,66.0,132.0,165.0,231.0,264.0,330.0,363.0,429.0,462.0,528.0,594.0,627.0,693.0,726.0,792.0,825.0,891.0,924.0,990.0,1023.0,1089.0,1122.0,1188.0,1254.0,1287.0,1353.0,1386.0,1452.0,1485.0,1551.0,1584.0,1650.0,1683.0,1749.0,1815.0,1848.0,1914.0,1947.0,2013.0,2046.0,2112.0,2145.0,2211.0,2244.0,2310.0,2376.0,2409.0,2475.0,2508.0,2574.0,2607.0,2673.0,2706.0,2772.0,2805.0,2871.0,2937.0,2970.0,3036.0,3069.0,3135.0,3168.0,3234.0,3267.0,3333.0,3366.0,3432.0,3498.0,3531.0,3564.0,3597.0,3630.0,3663.0,3729.0,3762.0,3795.0,3828.0,3861.0,3894.0,3927.0,3960.0,3993.0,4026.0,4059.0,4092.0,4125.0,4191.0,4224.0,4257.0,
26,3295,66.0,132.0,165.0,231.0,264.0,330.0,363.0,429.0,462.0,528.0,594.0,627.0,693.0,726.0,792.0,825.0,891.0,924.0,990.0,1023.0,1089.0,1122.0,1188.0,1254.0,1287.0,1353.0,1386.0,1452.0,1485.0,1551.0,1584.0,1650.0,1683.0,1749.0,1815.0,1848.0,1914.0,1947.0,2013.0,2046.0,2112.0,2145.0,2211.0,2244.0,2310.0,2376.0,2409.0,2475.0,2508.0,2574.0,2607.0,2673.0,2706.0,2772.0,2805.0,2871.0,2937.0,2970.0,3036.0,3069.0,3135.0,3168.0,3234.0,3267.0,3333.0,3366.0,3432.0,3498.0,3531.0,3564.0,3597.0,3630.0,3663.0,3729.0,3762.0,3795.0,3828.0,3861.0,3894.0,3927.0,3960.0,3993.0,4026.0,4059.0,4092.0,4125.0,4191.0,4224.0,4257.0,
27,5478,400.0,500.0,600.0,700.0,800.0,900.0,950.0,1050.0,1100.0,1150.0,1250.0,1300.0,1350.0,1400.0,1450.0,1500.0,1550.0,1600.0,1650.0,1700.0,1750.0,1800.0,1850.0,1900.0,1950.0,2000.0,2050.0,2100.0,2150.0,2200.0,2250.0,2300.0,2350.0,2400.0,2450.0,2500.0,2550.0,2600.0,2650.0,2700.0,2750.0,2800.0,2850.0,2900.0,2950.0,3000.0,3050.0,3100.0,3150.0,3200.0,3250.0,3300.0,3350.0,3400.0,3450.0,3500.0,3550.0,3600.0,3650.0,3700.0,3750.0,3800.0,3850.0,3900.0,3950.0,4000.0,4050.0,4100.0,4150.0,4200.0,4250.0,4300.0,4350.0,4400.0,4450.0,4500.0,,,,,,,,,,,,,,
28,2919,150.0,200.0,300.0,400.0,450.0,500.0,600.0,650.0,700.0,750.0,800.0,850.0,900.0,950.0,1000.0,1050.0,1100.0,1150.0,1200.0,1250.0,1300.0,1350.0,1400.0,1450.0,1500.0,1550.0,1600.0,1650.0,1700.0,1750.0,1800.0,1850.0,1900.0,1950.0,2000.0,2050.0,2100.0,2150.0,2200.0,2250.0,2300.0,2350.0,2400.0,2450.0,2500.0,2550.0,2600.0,2650.0,2700.0,2750.0,2800.0,2850.0,2900.0,2950.0,3000.0,3050.0,3100.0,3150.0,3200.0,3250.0,3300.0,3350.0,3400.0,3450.0,3500.0,3550.0,3600.0,3650.0,3700.0,3750.0,3800.0,3750.0,3800.0,3850.0,3850.0,,,,,,,,,,,,,,,
29,9609,400.0,600.0,700.0,750.0,850.0,950.0,1050.0,1150.0,1250.0,1300.0,1350.0,1400.0,1450.0,1500.0,1550.0,1600.0,1650.0,1700.0,1750.0,1800.0,1850.0,1900.0,1950.0,2000.0,2050.0,2100.0,2150.0,2200.0,2250.0,2300.0,2350.0,2400.0,2450.0,2500.0,2550.0,2600.0,2650.0,2700.0,2750.0,2800.0,2850.0,2900.0,2950.0,3000.0,3050.0,3100.0,3150.0,3200.0,3250.0,3300.0,3350.0,3400.0,3450.0,3500.0,3550.0,3600.0,3650.0,3700.0,3750.0,3800.0,3850.0,3900.0,3950.0,4000.0,4050.0,4100.0,4150.0,4200.0,4250.0,4300.0,3750.0,3800.0,3850.0,3900.0,3950.0,4000.0,4050.0,4100.0,4150.0,4200.0,4250.0,4300.0,4150.0,4200.0,4250.0,4300.0,,,,
30,1771,150.0,250.0,350.0,450.0,600.0,650.0,700.0,750.0,800.0,850.0,900.0,950.0,1000.0,1050.0,1100.0,1150.0,1200.0,1250.0,1300.0,1350.0,1400.0,1450.0,1500.0,1550.0,1600.0,1650.0,1700.0,1750.0,1800.0,1850.0,1900.0,1950.0,2000.0,2050.0,2100.0,2150.0,2200.0,2250.0,2300.0,2350.0,2400.0,2450.0,2500.0,2550.0,2600.0,2650.0,2700.0,2750.0,2800.0,2850.0,2900.0,2950.0,3000.0,3050.0,3100.0,3150.0,3200.0,3250.0,3300.0,3350.0,3400.0,3450.0,3500.0,3550.0,3600.0,3650.0,3700.0,3750.0,3800.0,3850.0,3900.0,3950.0,3900.0,3950.0,4600.0,4650.0,4700.0,4750.0,4800.0,4850.0,4900.0,4950.0,,,,,,,,
31,9423,450.0,650.0,800.0,900.0,1000.0,1100.0,1200.0,1250.0,1350.0,1400.0,1450.0,1550.0,1600.0,1650.0,1700.0,1750.0,1800.0,1850.0,1900.0,1950.0,2000.0,2050.0,2100.0,2150.0,2200.0,2250.0,2300.0,2350.0,2400.0,2450.0,2500.0,2550.0,2600.0,2650.0,2700.0,2750.0,2800.0,2850.0,2900.0,2950.0,3000.0,3050.0,3100.0,3150.0,3200.0,3250.0,3300.0,3350.0,3400.0,3450.0,3500.0,3550.0,3600.0,3650.0,3700.0,3750.0,3800.0,3850.0,3900.0,3950.0,4000.0,4050.0,4100.0,4150.0,4200.0,4250.0,4300.0,4350.0,4400.0,4450.0,4500.0,4550.0,4600.0,4650.0,4700.0,4750.0,4800.0,,,,,,,,,,,,,
32,1725,150.0,450.0,650.0,800.0,850.0,950.0,1000.0,1100.0,1150.0,1200.0,1300.0,1350.0,1450.0,1500.0,1550.0,1600.0,1650.0,1700.0,1750.0,1800.0,1850.0,1900.0,1950.0,2000.0,2050.0,2100.0,2150.0,2200.0,2250.0,2300.0,2350.0,2400.0,2450.0,2500.0,2550.0,2600.0,2650.0,2700.0,2750.0,2800.0,2850.0,2900.0,2950.0,3000.0,3050.0,3100.0,3150.0,3200.0,3250.0,3300.0,3350.0,3400.0,3450.0,3500.0,3550.0,3600.0,3650.0,3700.0,3750.0,3800.0,3850.0,3900.0,3950.0,4000.0,4050.0,4100.0,4150.0,4200.0,4250.0,4300.0,4350.0,4400.0,4450.0,4500.0,4550.0,4600.0,4650.0,4700.0,4750.0,4800.0,4850.0,4900.0,4950.0,5000.0,5050.0,5100.0,5150.0,,,
33,2148,150.0,300.0,400.0,550.0,650.0,750.0,850.0,950.0,1050.0,1100.0,1200.0,1250.0,1350.0,1400.0,1450.0,1500.0,1550.0,1600.0,1650.0,1700.0,1750.0,1800.0,1850.0,1900.0,1950.0,2000.0,2050.0,2100.0,2150.0,2200.0,2250.0,2300.0,2350.0,2400.0,2450.0,2500.0,2550.0,2600.0,2650.0,2700.0,2750.0,2800.0,2850.0,2900.0,2950.0,3000.0,3050.0,3100.0,3150.0,3200.0,3250.0,3300.0,3350.0,3400.0,3450.0,3500.0,3550.0,3600.0,3650.0,3700.0,3750.0,3400.0,3450.0,3500.0,3550.0,3600.0,3650.0,3700.0,3750.0,3800.0,3850.0,3750.0,3800.0,3850.0,3900.0,3950.0,4000.0,4050.0,4100.0,4150.0,4200.0,4250.0,4150.0,4200.0,4250.0,4250.0,,,,
34,2386,150.0,300.0,500.0,700.0,850.0,1000.0,1200.0,1300.0,1350.0,1400.0,1450.0,1500.0,1550.0,1650.0,1700.0,1750.0,1800.0,1850.0,1900.0,1950.0,2000.0,2050.0,2100.0,2150.0,2200.0,2250.0,2300.0,2350.0,2400.0,2450.0,2500.0,2550.0,2600.0,2650.0,2700.0,2750.0,2800.0,2850.0,2900.0,2950.0,3000.0,3050.0,3100.0,3150.0,3200.0,3250.0,3300.0,3350.0,3400.0,3450.0,3500.0,3550.0,3600.0,3650.0,3700.0,3750.0,3800.0,3850.0,3900.0,3950.0,4000.0,4050.0,4100.0,4150.0,4200.0,4250.0,4300.0,4350.0,4400.0,4450.0,4500.0,4550.0,4600.0,4650.0,4700.0,4750.0,4800.0,4850.0,4900.0,4950.0,5000.0,5050.0,,,,,,,,
35,6956,400.0,600.0,700.0,800.0,850.0,950.0,1050.0,1100.0,1150.0,1250.0,1300.0,1350.0,1400.0,1500.0,1550.0,1600.0,1650.0,1700.0,1750.0,1800.0,1850.0,1900.0,1950.0,2000.0,2050.0,2100.0,2150.0,2200.0,2250.0,2300.0,2350.0,2400.0,2450.0,2500.0,2550.0,2600.0,2650.0,2700.0,2750.0,2800.0,2850.0,2900.0,2950.0,3000.0,3050.0,3100.0,3150.0,3200.0,3250.0,3300.0,3350.0,3400.0,3450.0,3500.0,3550.0,3600.0,3650.0,3700.0,3750.0,3800.0,3850.0,3900.0,3950.0,4000.0,4050.0,4100.0,4150.0,4200.0,4250.0,4300.0,4350.0,4400.0,4450.0,4500.0,4550.0,,,,,,,,,,,,,,,
36,2207,250.0,500.0,600.0,700.0,750.0,850.0,900.0,1000.0,1050.0,1150.0,1200.0,1300.0,1350.0,1450.0,1500.0,1550.0,1650.0,1700.0,1750.0,1800.0,1850.0,1900.0,1950.0,2000.0,2050.0,2100.0,2150.0,2200.0,2250.0,2300.0,2350.0,2400.0,2450.0,2500.0,2550.0,2600.0,2650.0,2700.0,2750.0,2800.0,2850.0,2900.0,2950.0,3000.0,3050.0,3100.0,3150.0,3200.0,3250.0,3300.0,3350.0,3400.0,3450.0,3500.0,3550.0,3600.0,3650.0,3700.0,3750.0,3800.0,3850.0,3900.0,3950.0,4000.0,4050.0,4100.0,4150.0,4200.0,4250.0,4300.0,4350.0,4400.0,4450.0,4500.0,4550.0,4600.0,4650.0,4700.0,4750.0,4800.0,4850.0,4900.0,4950.0,5000.0,5050.0,5100.0,,,,
37,5295,400.0,750.0,850.0,1000.0,1100.0,1150.0,1250.0,1300.0,1350.0,1450.0,1500.0,1550.0,1600.0,1650.0,1750.0,1800.0,1850.0,1900.0,1950.0,2000.0,2050.0,2100.0,2150.0,2200.0,2250.0,2300.0,2350.0,2400.0,2450.0,2500.0,2550.0,2600.0,2650.0,2700.0,2750.0,2800.0,2850.0,2900.0,2950.0,3000.0,3050.0,3100.0,3150.0,3200.0,3250.0,3300.0,3350.0,3400.0,3450.0,3500.0,3550.0,3600.0,3650.0,3700.0,3750.0,3800.0,3850.0,3900.0,3950.0,4000.0,4050.0,4100.0,4150.0,4200.0,4250.0,4300.0,4350.0,4400.0,4450.0,4500.0,4550.0,4600.0,4650.0,4700.0,4750.0,4800.0,4850.0,4900.0,,,,,,,,,,,,
38,3726,300.0,450.0,600.0,700.0,800.0,850.0,950.0,1000.0,1100.0,1200.0,1250.0,1300.0,1350.0,1400.0,1500.0,1550.0,1600.0,1650.0,1700.0,1750.0,1800.0,1850.0,1900.0,1950.0,2000.0,2050.0,2100.0,2150.0,2200.0,2250.0,2300.0,2350.0,2400.0,2450.0,2500.0,2550.0,2600.0,2650.0,2700.0,2750.0,2800.0,2850.0,2900.0,2950.0,3000.0,3050.0,3100.0,3150.0,3200.0,3250.0,3300.0,3350.0,3400.0,3450.0,3500.0,3550.0,3600.0,3650.0,3700.0,3750.0,3800.0,3850.0,3900.0,3950.0,4000.0,4050.0,4100.0,4150.0,4200.0,4250.0,4300.0,4350.0,4400.0,4450.0,4500.0,4550.0,,,,,,,,,,,,,,
39,7830,150.0,300.0,450.0,600.0,700.0,850.0,1000.0,1150.0,1300.0,1400.0,1550.0,1700.0,1750.0,1800.0,1850.0,1900.0,1950.0,2000.0,2050.0,2100.0,2150.0,2200.0,2250.0,2300.0,2350.0,2400.0,2450.0,2500.0,2550.0,2600.0,2650.0,2700.0,2750.0,2800.0,2850.0,2900.0,2950.0,3000.0,3050.0,3100.0,3150.0,3200.0,3250.0,3300.0,3350.0,3400.0,3450.0,3500.0,3550.0,3600.0,3650.0,3700.0,3750.0,3800.0,3850.0,3900.0,3950.0,4000.0,4050.0,4100.0,4150.0,4200.0,4250.0,4300.0,4350.0,3850.0,3900.0,3950.0,4000.0,4050.0,4100.0,4150.0,4200.0,4250.0,4300.0,4350.0,4250.0,4300.0,4350.0,4350.0,4850.0,4900.0,4950.0,5000.0,5050.0,5100.0,5100.0,,,
40,4893,150.0,300.0,450.0,600.0,700.0,850.0,1000.0,1150.0,1300.0,1400.0,1550.0,1700.0,1750.0,1800.0,1850.0,1900.0,1950.0,2000.0,2050.0,2100.0,2150.0,2200.0,2250.0,2300.0,2350.0,2400.0,2450.0,2500.0,2550.0,2600.0,2650.0,2700.0,2750.0,2800.0,2850.0,2900.0,2950.0,3000.0,3050.0,3100.0,3150.0,3200.0,3250.0,3300.0,3350.0,3400.0,3450.0,3500.0,3550.0,3600.0,3650.0,3700.0,3750.0,3800.0,3850.0,3900.0,3950.0,4000.0,4050.0,4100.0,4150.0,4200.0,4250.0,4300.0,4350.0,3850.0,3900.0,3950.0,4000.0,4050.0,4100.0,4150.0,4200.0,4250.0,4300.0,4350.0,4250.0,4300.0,4350.0,4350.0,4850.0,4900.0,4950.0,5000.0,5050.0,5100.0,5100.0,,,
41,2804,50.0,200.0,250.0,350.0,400.0,500.0,600.0,650.0,750.0,800.0,900.0,1000.0,1050.0,1150.0,1200.0,1300.0,1400.0,1450.0,1550.0,1600.0,1700.0,1750.0,1850.0,1950.0,2000.0,2100.0,2150.0,2250.0,2350.0,2400.0,2450.0,2500.0,2550.0,2600.0,2650.0,2700.0,2750.0,2800.0,2850.0,2900.0,2950.0,3000.0,3050.0,3100.0,3150.0,3200.0,3250.0,3300.0,3350.0,3400.0,3450.0,3500.0,3550.0,3600.0,3650.0,3700.0,3750.0,3800.0,3850.0,3900.0,3950.0,4000.0,4050.0,4100.0,4150.0,3850.0,3900.0,3950.0,4000.0,4050.0,4100.0,4150.0,4200.0,4250.0,4300.0,4350.0,4250.0,4300.0,4350.0,4350.0,4850.0,4900.0,4950.0,5000.0,5050.0,5100.0,5100.0,,,
42,2818,50.0,200.0,250.0,350.0,400.0,500.0,600.0,650.0,750.0,800.0,900.0,1000.0,1050.0,1150.0,1200.0,1300.0,1400.0,1450.0,1550.0,1600.0,1700.0,1750.0,1850.0,1950.0,2000.0,2100.0,2150.0,2250.0,2350.0,2400.0,2450.0,2500.0,2550.0,2600.0,2650.0,2700.0,2750.0,2800.0,2850.0,2900.0,2950.0,3000.0,3050.0,3100.0,3150.0,3200.0,3250.0,3300.0,3350.0,3400.0,3450.0,3500.0,3550.0,3600.0,3650.0,3700.0,3750.0,3800.0,3850.0,3900.0,3950.0,4000.0,4050.0,4100.0,4150.0,3850.0,3900.0,3950.0,4000.0,4050.0,4100.0,4150.0,4200.0,4250.0,4300.0,4350.0,4250.0,4300.0,4350.0,4350.0,4850.0,4900.0,4950.0,5000.0,5050.0,5100.0,5100.0,,,
43,8522,150.0,300.0,450.0,600.0,700.0,850.0,1000.0,1150.0,1300.0,1400.0,1550.0,1700.0,1750.0,1800.0,1850.0,1900.0,1950.0,2000.0,2050.0,2100.0,2150.0,2200.0,2250.0,2300.0,2350.0,2400.0,2450.0,2500.0,2550.0,2600.0,2650.0,2700.0,2750.0,2800.0,2850.0,2900.0,2950.0,3000.0,3050.0,3100.0,3150.0,3200.0,3250.0,3300.0,3350.0,3400.0,3450.0,3500.0,3550.0,3600.0,3650.0,3700.0,3750.0,3800.0,3850.0,3900.0,3950.0,4000.0,4050.0,4100.0,4150.0,4200.0,4250.0,4300.0,4350.0,3850.0,3900.0,3950.0,4000.0,4050.0,4100.0,4150.0,4200.0,4250.0,4300.0,4350.0,4250.0,4300.0,4350.0,4350.0,4850.0,4900.0,4950.0,5000.0,5050.0,5100.0,5100.0,,,
44,1650,50.0,200.0,250.0,350.0,400.0,500.0,600.0,650.0,750.0,800.0,900.0,1000.0,1050.0,1150.0,1200.0,1300.0,1400.0,1450.0,1550.0,1600.0,1700.0,1750.0,1850.0,1950.0,2000.0,2100.0,2150.0,2250.0,2350.0,2400.0,2450.0,2500.0,2550.0,2600.0,2650.0,2700.0,2750.0,2800.0,2850.0,2900.0,2950.0,3000.0,3050.0,3100.0,3150.0,3200.0,3250.0,3300.0,3350.0,3400.0,3450.0,3500.0,3550.0,3600.0,3650.0,3700.0,3750.0,3800.0,3850.0,3900.0,3950.0,4000.0,4050.0,4100.0,4150.0,3850.0,3900.0,3950.0,4000.0,4050.0,4100.0,4150.0,4200.0,4250.0,4300.0,4350.0,4250.0,4300.0,4350.0,4350.0,4850.0,4900.0,4950.0,5000.0,5050.0,5100.0,5100.0,,,
45,6057,231.0,297.0,363.0,462.0,528.0,594.0,660.0,726.0,792.0,858.0,891.0,957.0,1023.0,1056.0,1122.0,1155.0,1221.0,1287.0,1320.0,1386.0,1419.0,1485.0,1518.0,1551.0,1584.0,1650.0,1683.0,1716.0,1782.0,1815.0,1848.0,1914.0,1947.0,1980.0,2046.0,2079.0,2112.0,2145.0,2178.0,2211.0,2244.0,2310.0,2343.0,2409.0,2442.0,2475.0,2508.0,2541.0,2574.0,2640.0,2673.0,2706.0,2739.0,2772.0,2805.0,2838.0,2904.0,2937.0,2970.0,3003.0,3036.0,3069.0,3102.0,3135.0,3168.0,3201.0,3267.0,3300.0,3333.0,3366.0,3399.0,3432.0,3465.0,3498.0,3531.0,3597.0,3630.0,3663.0,3696.0,3729.0,3762.0,3795.0,3828.0,3861.0,3894.0,3927.0,3993.0,4026.0,4059.0,
46,1181,150.0,250.0,350.0,500.0,600.0,700.0,800.0,950.0,1050.0,1200.0,1300.0,1400.0,1500.0,1550.0,1600.0,1650.0,1700.0,1750.0,1800.0,1850.0,1900.0,1950.0,2000.0,2050.0,2100.0,2150.0,2200.0,2250.0,2300.0,2350.0,2400.0,2450.0,2500.0,2550.0,2600.0,2650.0,2700.0,2750.0,2800.0,2850.0,2900.0,2950.0,3000.0,3050.0,3100.0,3150.0,3200.0,3250.0,3300.0,3350.0,3400.0,3450.0,3500.0,3550.0,3600.0,3650.0,3700.0,3750.0,3800.0,3850.0,3900.0,3950.0,4000.0,4050.0,4100.0,4150.0,4200.0,4250.0,4300.0,4350.0,4400.0,4450.0,4500.0,4550.0,4600.0,4650.0,4700.0,4750.0,4800.0,4850.0,4900.0,4950.0,5000.0,5050.0,5100.0,,,,,
47,2137,250.0,350.0,450.0,500.0,600.0,650.0,700.0,750.0,800.0,850.0,950.0,1000.0,1050.0,1100.0,1150.0,1200.0,1250.0,1300.0,1350.0,1400.0,1450.0,1500.0,1550.0,1600.0,1650.0,1700.0,1750.0,1800.0,1850.0,1900.0,1950.0,2000.0,2050.0,2100.0,2150.0,2200.0,2250.0,2300.0,2350.0,2400.0,2450.0,2500.0,2550.0,2600.0,2650.0,2700.0,2750.0,2800.0,2850.0,2900.0,2950.0,3000.0,3050.0,3100.0,3150.0,3200.0,3250.0,3300.0,3350.0,3400.0,3450.0,3500.0,3550.0,3600.0,3650.0,3700.0,3750.0,3800.0,3850.0,3900.0,3950.0,3350.0,3400.0,3450.0,3500.0,3550.0,3600.0,3650.0,3700.0,3750.0,3800.0,3850.0,3900.0,3950.0,3850.0,3900.0,3950.0,,,
48,9258,150.0,250.0,350.0,450.0,600.0,650.0,700.0,750.0,800.0,850.0,900.0,950.0,1000.0,1050.0,1100.0,1150.0,1200.0,1250.0,1300.0,1350.0,1400.0,1450.0,1500.0,1550.0,1600.0,1650.0,1700.0,1750.0,1800.0,1850.0,1900.0,1950.0,2000.0,2050.0,2100.0,2150.0,2200.0,2250.0,2300.0,2350.0,2400.0,2450.0,2500.0,2550.0,2600.0,2650.0,2700.0,2750.0,2800.0,2850.0,2900.0,2950.0,3000.0,3050.0,3100.0,3150.0,3200.0,3250.0,3300.0,3350.0,3400.0,3450.0,3500.0,3550.0,3600.0,3650.0,3700.0,3750.0,3800.0,3850.0,3900.0,3950.0,4000.0,4050.0,4900.0,4950.0,5000.0,5050.0,5100.0,5150.0,5200.0,5250.0,5300.0,5350.0,5400.0,5450.0,5500.0,5550.0,5600.0,
49,2255,100.0,200.0,550.0,650.0,700.0,800.0,850.0,900.0,950.0,1050.0,1100.0,1150.0,1200.0,1250.0,1300.0,1350.0,1400.0,1450.0,1500.0,1550.0,1600.0,1650.0,1700.0,1750.0,1800.0,1850.0,1900.0,1950.0,2000.0,2050.0,2100.0,2150.0,2200.0,2250.0,2300.0,2350.0,2400.0,2450.0,2500.0,2550.0,2600.0,2650.0,2700.0,2750.0,2800.0,2850.0,2900.0,2950.0,3000.0,3050.0,3100.0,3150.0,3200.0,3250.0,3300.0,3350.0,3400.0,3450.0,3500.0,3550.0,3600.0,3650.0,3700.0,3750.0,3800.0,3850.0,3900.0,3950.0,4000.0,4050.0,,,,,,,,,,,,,,,,,,,,
50,9890,250.0,450.0,600.0,650.0,750.0,800.0,850.0,1250.0,1300.0,1400.0,1450.0,1500.0,1550.0,1600.0,1650.0,1700.0,1750.0,1800.0,1850.0,1900.0,1950.0,2000.0,2050.0,2100.0,2150.0,2200.0,2250.0,2300.0,2350.0,2400.0,2450.0,2500.0,2550.0,2600.0,2650.0,2700.0,2750.0,2800.0,2850.0,2900.0,2950.0,3000.0,3050.0,3100.0,3150.0,3200.0,3250.0,3300.0,3350.0,3400.0,3450.0,3500.0,3550.0,3600.0,3650.0,3700.0,3750.0,3800.0,3850.0,3900.0,3950.0,4000.0,4050.0,4100.0,4150.0,4200.0,4250.0,4300.0,4350.0,4400.0,4450.0,4500.0,4550.0,4600.0,4650.0,4700.0,4750.0,4800.0,4850.0,4900.0,4950.0,5000.0,5050.0,5100.0,5150.0,5200.0,5250.0,,,
51,6613,300.0,700.0,850.0,900.0,950.0,1000.0,1100.0,1150.0,1200.0,1250.0,1300.0,1350.0,1400.0,1450.0,1500.0,1550.0,1600.0,1650.0,1700.0,1750.0,1800.0,1850.0,1900.0,1950.0,2000.0,2050.0,2100.0,2150.0,2200.0,2250.0,2300.0,2350.0,2400.0,2450.0,2500.0,2550.0,2600.0,2650.0,2700.0,2750.0,2800.0,2850.0,2900.0,2950.0,3000.0,3050.0,3100.0,3150.0,3200.0,3250.0,3300.0,3350.0,3400.0,3450.0,3500.0,3550.0,3600.0,3650.0,3700.0,3750.0,3800.0,3850.0,3900.0,3950.0,4000.0,4050.0,4100.0,4150.0,4200.0,,,,,,,,,,,,,,,,,,,,,
52,4793,250.0,500.0,700.0,850.0,950.0,1050.0,1150.0,1200.0,1250.0,1300.0,1350.0,1400.0,1500.0,1550.0,1600.0,1650.0,1700.0,1750.0,1800.0,1850.0,1900.0,1950.0,2000.0,2050.0,2100.0,2150.0,2200.0,2250.0,2300.0,2350.0,2400.0,2450.0,2500.0,2550.0,2600.0,2650.0,2700.0,2750.0,2800.0,2850.0,2900.0,2950.0,3000.0,3050.0,3100.0,3150.0,3200.0,3250.0,3300.0,3350.0,3400.0,3450.0,3500.0,3550.0,3600.0,3650.0,3700.0,3750.0,3800.0,3850.0,3900.0,3950.0,4000.0,4050.0,4100.0,4150.0,4200.0,4250.0,4300.0,4350.0,4400.0,4450.0,4500.0,,,,,,,,,,,,,,,,,
53,2696,50.0,300.0,800.0,900.0,1000.0,1050.0,1100.0,1200.0,1250.0,1300.0,1400.0,1450.0,1550.0,1600.0,1650.0,1750.0,1800.0,1850.0,1900.0,1950.0,2000.0,2050.0,2100.0,2150.0,2200.0,2250.0,2300.0,2350.0,2400.0,2450.0,2500.0,2550.0,2600.0,2650.0,2700.0,2750.0,2800.0,2850.0,2900.0,2950.0,3000.0,3050.0,3100.0,3150.0,3200.0,3250.0,3300.0,3350.0,3400.0,3450.0,3500.0,3550.0,3600.0,3650.0,3700.0,3750.0,3800.0,3850.0,3900.0,3950.0,4000.0,4050.0,4100.0,4150.0,4200.0,4250.0,4300.0,4350.0,4400.0,4450.0,4500.0,4550.0,4600.0,4650.0,4700.0,4750.0,4800.0,,,,,,,,,,,,,
54,6620,600.0,700.0,800.0,900.0,950.0,1050.0,1100.0,1200.0,1250.0,1300.0,1350.0,1450.0,1500.0,1550.0,1600.0,1650.0,1700.0,1750.0,1800.0,1850.0,1900.0,1950.0,2000.0,2050.0,2100.0,2150.0,2200.0,2250.0,2300.0,2350.0,2400.0,2450.0,2500.0,2550.0,2600.0,2650.0,2700.0,2750.0,2800.0,2850.0,2900.0,2950.0,3000.0,3050.0,3100.0,3150.0,3200.0,3250.0,3300.0,3350.0,3400.0,3450.0,3500.0,3550.0,3600.0,3650.0,3700.0,3750.0,3800.0,3850.0,3900.0,3950.0,4000.0,4050.0,4100.0,4150.0,4200.0,4250.0,4300.0,4350.0,4400.0,4450.0,4500.0,4550.0,4600.0,,,,,,,,,,,,,,,
55,2163,450.0,650.0,750.0,800.0,900.0,950.0,1050.0,1100.0,1150.0,1200.0,1300.0,1350.0,1400.0,1450.0,1500.0,1550.0,1600.0,1700.0,1750.0,1800.0,1850.0,1900.0,1950.0,2000.0,2050.0,2100.0,2150.0,2200.0,2250.0,2300.0,2350.0,2400.0,2450.0,2500.0,2550.0,2600.0,2650.0,2700.0,2750.0,2800.0,2850.0,2900.0,2950.0,3000.0,3050.0,3100.0,3150.0,3200.0,3250.0,3300.0,3350.0,3400.0,3450.0,3500.0,3550.0,3600.0,3650.0,3700.0,3750.0,3800.0,3850.0,3900.0,3950.0,4000.0,4050.0,4100.0,4150.0,4200.0,4250.0,4300.0,4350.0,4400.0,4450.0,4500.0,4550.0,4600.0,4650.0,4700.0,4750.0,4800.0,4850.0,4900.0,4950.0,5000.0,5050.0,,,,,
56,7831,150.0,300.0,400.0,550.0,650.0,800.0,900.0,1050.0,1150.0,1300.0,1400.0,1500.0,1550.0,1600.0,1650.0,1700.0,1750.0,1800.0,1850.0,1900.0,1950.0,2000.0,2050.0,2100.0,2150.0,2200.0,2250.0,2300.0,2350.0,2400.0,2450.0,2500.0,2550.0,2600.0,2650.0,2700.0,2750.0,2800.0,2850.0,2900.0,2950.0,3000.0,3050.0,3100.0,3150.0,3200.0,3250.0,3300.0,3350.0,3400.0,3450.0,3500.0,3550.0,3600.0,3650.0,3700.0,3750.0,3800.0,3850.0,3900.0,3950.0,4000.0,4050.0,4100.0,3700.0,3750.0,3800.0,3850.0,3900.0,3950.0,4000.0,4050.0,4100.0,,,,,,,,,,,,,,,,,
57,8618,400.0,750.0,1100.0,1150.0,1250.0,1300.0,1400.0,1450.0,1500.0,1550.0,1650.0,1700.0,1750.0,1800.0,1850.0,1900.0,1950.0,2000.0,2050.0,2100.0,2150.0,2200.0,2250.0,2300.0,2350.0,2400.0,2450.0,2500.0,2550.0,2600.0,2650.0,2700.0,2750.0,2800.0,2850.0,2900.0,2950.0,3000.0,3050.0,3100.0,3150.0,3200.0,3250.0,3300.0,3350.0,3400.0,3450.0,3500.0,3550.0,3600.0,3650.0,3700.0,3750.0,3800.0,3850.0,3900.0,3950.0,4000.0,4050.0,4100.0,4150.0,4200.0,4250.0,4300.0,4350.0,4400.0,4450.0,4500.0,4550.0,4600.0,4650.0,4700.0,4750.0,4800.0,4850.0,4900.0,4950.0,5000.0,5050.0,5100.0,,,,,,,,,,
58,3748,400.0,700.0,950.0,1000.0,1050.0,1150.0,1200.0,1300.0,1350.0,1450.0,1500.0,1550.0,1650.0,1700.0,1750.0,1800.0,1850.0,1900.0,1950.0,2000.0,2050.0,2100.0,2150.0,2200.0,2250.0,2300.0,2350.0,2400.0,2450.0,2500.0,2550.0,2600.0,2650.0,2700.0,2750.0,2800.0,2850.0,2900.0,2950.0,3000.0,3050.0,3100.0,3150.0,3200.0,3250.0,3300.0,3350.0,3400.0,3450.0,3500.0,3550.0,3600.0,3650.0,3700.0,3750.0,3800.0,3850.0,3900.0,3950.0,4000.0,4050.0,4100.0,4150.0,3800.0,3850.0,3900.0,3950.0,4000.0,4050.0,4100.0,4150.0,4100.0,4150.0,4150.0,,,,,,,,,,,,,,,,
59,6242,66.0,132.0,165.0,231.0,264.0,330.0,363.0,429.0,462.0,528.0,594.0,627.0,693.0,726.0,792.0,825.0,891.0,924.0,990.0,1023.0,1089.0,1122.0,1188.0,1254.0,1287.0,1353.0,1386.0,1452.0,1485.0,1551.0,1584.0,1650.0,1683.0,1749.0,1815.0,1848.0,1914.0,1947.0,2013.0,2046.0,2112.0,2145.0,2211.0,2244.0,2310.0,2376.0,2409.0,2475.0,2508.0,2574.0,2607.0,2673.0,2706.0,2772.0,2805.0,2871.0,2937.0,2970.0,3036.0,3069.0,3135.0,3168.0,3234.0,3267.0,3333.0,3366.0,3432.0,3498.0,3531.0,3564.0,3597.0,3630.0,3663.0,3729.0,3762.0,3795.0,3828.0,3861.0,3894.0,3927.0,3960.0,3993.0,4026.0,4059.0,4092.0,4125.0,4191.0,4224.0,4257.0,
60,7394,400.0,650.0,850.0,950.0,1050.0,1150.0,1250.0,1300.0,1350.0,1400.0,1450.0,1550.0,1600.0,1650.0,1700.0,1750.0,1800.0,1850.0,1900.0,1950.0,2000.0,2050.0,2100.0,2150.0,2200.0,2250.0,2300.0,2350.0,2400.0,2450.0,2500.0,2550.0,2600.0,2650.0,2700.0,2750.0,2800.0,2850.0,2900.0,2950.0,3000.0,3050.0,3100.0,3150.0,3200.0,3250.0,3300.0,3350.0,3400.0,3450.0,3500.0,3550.0,3600.0,3650.0,3700.0,3750.0,3800.0,3850.0,3900.0,3950.0,4000.0,4050.0,4100.0,4150.0,4200.0,4250.0,4300.0,4350.0,4400.0,4450.0,4500.0,4550.0,,,,,,,,,,,,,,,,,,
61,5646,300.0,500.0,650.0,800.0,950.0,1100.0,1250.0,1400.0,1450.0,1500.0,1550.0,1600.0,1650.0,1700.0,1800.0,1850.0,1900.0,1950.0,2000.0,2050.0,2100.0,2150.0,2200.0,2250.0,2300.0,2350.0,2400.0,2450.0,2500.0,2550.0,2600.0,2650.0,2700.0,2750.0,2800.0,2850.0,2900.0,2900.0,,,,,,,,,,,,,,,,,,,,,,,,,,,,,,,,,,,,,,,,,,,,,,,,,,,,
62,6761,297.0,363.0,462.0,528.0,627.0,693.0,759.0,825.0,924.0,990.0,1056.0,1122.0,1188.0,1254.0,1320.0,1386.0,1452.0,1518.0,1584.0,1650.0,1716.0,1782.0,1848.0,1914.0,2100.0,2150.0,2200.0,2250.0,2300.0,2350.0,2400.0,2450.0,2500.0,2550.0,2600.0,2650.0,2700.0,2750.0,2800.0,2850.0,2900.0,2950.0,3000.0,3050.0,3100.0,3150.0,3200.0,3250.0,3300.0,3350.0,3400.0,3450.0,3500.0,3550.0,3600.0,3650.0,3700.0,3750.0,3800.0,3850.0,3900.0,3950.0,4000.0,3700.0,3750.0,3800.0,3850.0,3900.0,3950.0,4000.0,4050.0,4050.0,,,,,,,,,,,,,,,,,,
63,7779,250.0,500.0,700.0,800.0,900.0,1000.0,1050.0,1150.0,1200.0,1300.0,1350.0,1400.0,1450.0,1500.0,1600.0,1650.0,1700.0,1750.0,1800.0,1850.0,1900.0,1950.0,2000.0,2050.0,2100.0,2150.0,2200.0,2250.0,2300.0,2350.0,2400.0,2450.0,2500.0,2550.0,2600.0,2650.0,2700.0,2750.0,2800.0,2850.0,2900.0,2950.0,3000.0,3050.0,3100.0,3150.0,3200.0,3250.0,3300.0,3350.0,3400.0,3450.0,3500.0,3550.0,3600.0,3650.0,3700.0,3750.0,3800.0,3850.0,3900.0,3950.0,4000.0,4050.0,4100.0,4150.0,4200.0,4250.0,4300.0,4350.0,4400.0,4450.0,4500.0,4550.0,4700.0,4550.0,4600.0,4650.0,4700.0,4750.0,4800.0,4850.0,4850.0,,,,,,,
64,5196,330.0,561.0,700.0,800.0,900.0,950.0,1050.0,1100.0,1150.0,1200.0,1250.0,1300.0,1350.0,1400.0,1450.0,1500.0,1550.0,1600.0,1650.0,1700.0,1750.0,1800.0,1850.0,1900.0,1950.0,2000.0,2050.0,2100.0,2150.0,2200.0,2250.0,2300.0,2350.0,2400.0,2450.0,2500.0,2550.0,2600.0,2650.0,2700.0,2750.0,2800.0,2850.0,2900.0,2950.0,3000.0,3050.0,3100.0,3150.0,3200.0,3250.0,3300.0,3350.0,3400.0,3450.0,3500.0,3550.0,3600.0,3650.0,3700.0,3750.0,3800.0,3850.0,3900.0,3950.0,4000.0,4050.0,4100.0,4150.0,4200.0,4250.0,4300.0,4350.0,3950.0,4000.0,4050.0,4100.0,4150.0,4200.0,4250.0,4300.0,4350.0,,,,,,,,
65,3992,500.0,700.0,850.0,1000.0,1100.0,1150.0,1250.0,1350.0,1400.0,1450.0,1550.0,1650.0,1700.0,1750.0,1800.0,1850.0,1900.0,1950.0,2000.0,2050.0,2100.0,2150.0,2200.0,2250.0,2300.0,2350.0,2400.0,2450.0,2500.0,2550.0,2600.0,2650.0,2700.0,2750.0,2800.0,2850.0,2900.0,2950.0,3000.0,3050.0,3100.0,3150.0,3200.0,3250.0,3300.0,3350.0,3400.0,3450.0,3500.0,3550.0,3600.0,3650.0,3700.0,3750.0,3800.0,3850.0,3900.0,3950.0,4000.0,4050.0,4100.0,4150.0,4200.0,4250.0,4300.0,3900.0,3950.0,4000.0,4050.0,4100.0,4150.0,4200.0,4250.0,4300.0,4250.0,4300.0,,,,,,,,,,,,,,
66,6327,100.0,200.0,250.0,350.0,400.0,500.0,600.0,650.0,750.0,800.0,900.0,1000.0,1050.0,1150.0,1200.0,1300.0,1400.0,1450.0,1550.0,1600.0,1700.0,1750.0,1850.0,1900.0,1950.0,2000.0,2050.0,2100.0,2150.0,2200.0,2250.0,2300.0,2350.0,2400.0,2450.0,2500.0,2550.0,2600.0,2650.0,2700.0,2750.0,2800.0,2850.0,2900.0,2950.0,3000.0,3050.0,3100.0,3150.0,3200.0,3250.0,3300.0,3350.0,3400.0,3450.0,3500.0,3550.0,3600.0,3650.0,3700.0,3750.0,3800.0,3850.0,3900.0,3950.0,4000.0,4600.0,4650.0,4700.0,4750.0,4800.0,4850.0,4900.0,4950.0,5000.0,5050.0,5100.0,5150.0,5200.0,5250.0,5300.0,5350.0,5450.0,5550.0,5700.0,5900.0,6100.0,,,
67,9850,100.0,200.0,250.0,350.0,400.0,500.0,600.0,650.0,750.0,800.0,900.0,1000.0,1050.0,1150.0,1200.0,1300.0,1400.0,1450.0,1550.0,1600.0,1700.0,1750.0,1850.0,1900.0,1950.0,2000.0,2050.0,2100.0,2150.0,2200.0,2250.0,2300.0,2350.0,2400.0,2450.0,2500.0,2550.0,2600.0,2650.0,2700.0,2750.0,2800.0,2850.0,2900.0,2950.0,3000.0,3050.0,3100.0,3150.0,3200.0,3250.0,3300.0,3350.0,3400.0,3450.0,3500.0,3550.0,3600.0,3650.0,3700.0,3750.0,3800.0,3850.0,3900.0,3950.0,4000.0,4600.0,4650.0,4700.0,4750.0,4800.0,4850.0,4900.0,4950.0,5000.0,5050.0,5100.0,5150.0,5200.0,5250.0,5300.0,5350.0,5450.0,5550.0,5700.0,5900.0,6100.0,,,
68,3854,100.0,200.0,250.0,350.0,400.0,500.0,600.0,650.0,750.0,800.0,900.0,1000.0,1050.0,1150.0,1200.0,1300.0,1400.0,1450.0,1550.0,1600.0,1700.0,1750.0,1850.0,1900.0,1950.0,2000.0,2050.0,2100.0,2150.0,2200.0,2250.0,2300.0,2350.0,2400.0,2450.0,2500.0,2550.0,2600.0,2650.0,2700.0,2750.0,2800.0,2850.0,2900.0,2950.0,3000.0,3050.0,3100.0,3150.0,3200.0,3250.0,3300.0,3350.0,3400.0,3450.0,3500.0,3550.0,3600.0,3650.0,3700.0,3750.0,3800.0,3850.0,3900.0,3950.0,4000.0,4600.0,4650.0,4700.0,4750.0,4800.0,4850.0,4900.0,4950.0,5000.0,5050.0,5100.0,5150.0,5200.0,5250.0,5300.0,5350.0,5450.0,5550.0,5700.0,5900.0,6100.0,,,
69,8988,550.0,800.0,900.0,950.0,1050.0,1100.0,1200.0,1250.0,1350.0,1400.0,1500.0,1550.0,1600.0,1650.0,1700.0,1750.0,1800.0,1850.0,1900.0,1950.0,2000.0,2050.0,2100.0,2150.0,2200.0,2250.0,2300.0,2350.0,2400.0,2450.0,2500.0,2550.0,2600.0,2650.0,2700.0,2750.0,2800.0,2850.0,2900.0,2950.0,3000.0,3050.0,3100.0,3150.0,3200.0,3250.0,3300.0,3350.0,3400.0,3450.0,3500.0,3550.0,3600.0,3650.0,3700.0,3750.0,3800.0,3850.0,3900.0,3950.0,4000.0,4050.0,4100.0,4150.0,4200.0,4250.0,4300.0,4350.0,4400.0,4450.0,4500.0,4550.0,4600.0,4700.0,4750.0,4800.0,4850.0,4900.0,4950.0,5000.0,5050.0,5100.0,5150.0,5200.0,5250.0,5300.0,5350.0,5400.0,5550.0,
70,6861,99.0,198.0,264.0,363.0,429.0,495.0,561.0,627.0,693.0,759.0,825.0,891.0,925.0,991.0,1057.0,1090.0,1156.0,1189.0,1255.0,1288.0,1321.0,1387.0,1420.0,1453.0,1519.0,1552.0,1585.0,1651.0,1684.0,1717.0,1750.0,1816.0,1849.0,1882.0,1915.0,1981.0,2014.0,2047.0,2080.0,2113.0,2146.0,2212.0,2245.0,2278.0,2311.0,2344.0,2377.0,2410.0,2443.0,2509.0,2542.0,2575.0,2608.0,2641.0,2674.0,2707.0,2740.0,2773.0,2806.0,2839.0,2905.0,2938.0,2971.0,3004.0,3037.0,3070.0,3103.0,3136.0,3169.0,3202.0,3235.0,3268.0,3301.0,3334.0,3367.0,3400.0,3466.0,3499.0,3532.0,3565.0,3598.0,3631.0,3664.0,3697.0,3730.0,3763.0,3796.0,3862.0,3895.0,
71,7918,198.0,297.0,396.0,495.0,561.0,627.0,693.0,759.0,825.0,891.0,924.0,990.0,1023.0,1089.0,1122.0,1155.0,1221.0,1254.0,1287.0,1320.0,1386.0,1419.0,1452.0,1485.0,1551.0,1584.0,1617.0,1650.0,1716.0,1749.0,1782.0,1815.0,1881.0,1914.0,1947.0,1980.0,2112.0,2146.0,2179.0,2212.0,2245.0,2278.0,2311.0,2344.0,2377.0,2410.0,2443.0,2476.0,2509.0,2542.0,2575.0,2608.0,2641.0,2674.0,2707.0,2740.0,2773.0,2806.0,2839.0,2872.0,2905.0,2938.0,2971.0,3004.0,3037.0,3070.0,3103.0,3136.0,3169.0,3202.0,3235.0,3268.0,3301.0,3334.0,3367.0,3400.0,3433.0,3466.0,3499.0,3532.0,3565.0,3598.0,3631.0,3664.0,3697.0,3730.0,4918.0,4984.0,5050.0,
72,7902,200.0,450.0,600.0,700.0,800.0,900.0,950.0,1050.0,1100.0,1200.0,1250.0,1300.0,1350.0,1450.0,1500.0,1550.0,1600.0,1650.0,1700.0,1750.0,1800.0,1850.0,1900.0,1950.0,2000.0,2050.0,2100.0,2150.0,2200.0,2250.0,2300.0,2350.0,2400.0,2450.0,2500.0,2550.0,2600.0,2650.0,2700.0,2750.0,2800.0,2850.0,2900.0,2950.0,3000.0,3050.0,3100.0,3150.0,3200.0,3250.0,3300.0,3350.0,3400.0,3450.0,3500.0,3550.0,3600.0,3650.0,3700.0,3750.0,3800.0,3850.0,3900.0,3950.0,4000.0,4050.0,4100.0,4150.0,4200.0,4250.0,4300.0,4350.0,4400.0,4450.0,4250.0,4300.0,4350.0,4400.0,4450.0,4450.0,5050.0,5100.0,5150.0,5200.0,5250.0,5300.0,5350.0,5400.0,5450.0,
73,1470,50.0,300.0,600.0,700.0,800.0,900.0,950.0,1050.0,1100.0,1200.0,1250.0,1300.0,1350.0,1450.0,1500.0,1550.0,1600.0,1650.0,1700.0,1750.0,1800.0,1850.0,1900.0,1950.0,2000.0,2050.0,2100.0,2150.0,2200.0,2250.0,2300.0,2350.0,2400.0,2450.0,2500.0,2550.0,2600.0,2650.0,2700.0,2750.0,2800.0,2850.0,2900.0,2950.0,3000.0,3050.0,3100.0,3150.0,3200.0,3250.0,3300.0,3350.0,3400.0,3450.0,3500.0,3550.0,3600.0,3650.0,3700.0,3750.0,3800.0,3850.0,3900.0,3950.0,4000.0,4050.0,4100.0,4150.0,4200.0,4250.0,4300.0,4350.0,4400.0,4450.0,4250.0,4300.0,4350.0,4400.0,4450.0,4450.0,5050.0,5100.0,5150.0,5200.0,5250.0,5300.0,5350.0,5400.0,5450.0,
74,1959,100.0,150.0,250.0,300.0,400.0,450.0,550.0,600.0,700.0,750.0,850.0,900.0,1000.0,1050.0,1150.0,1200.0,1300.0,1350.0,1450.0,1500.0,1600.0,1650.0,1750.0,1800.0,1900.0,1950.0,2000.0,2100.0,2150.0,2250.0,2300.0,2350.0,2400.0,2450.0,2500.0,2550.0,2600.0,2650.0,2700.0,2750.0,2800.0,2850.0,2900.0,2950.0,3000.0,3050.0,3100.0,3150.0,3200.0,3250.0,3300.0,3350.0,3400.0,3450.0,3500.0,3550.0,3600.0,3650.0,3700.0,3750.0,3800.0,3850.0,3900.0,3950.0,4000.0,4050.0,4100.0,4150.0,4200.0,4250.0,4300.0,4350.0,4400.0,4450.0,4250.0,4300.0,4350.0,4400.0,4450.0,4450.0,5050.0,5100.0,5150.0,5200.0,5250.0,5300.0,5350.0,5400.0,5450.0,
75,1693,100.0,150.0,250.0,300.0,400.0,450.0,550.0,600.0,700.0,750.0,850.0,900.0,1000.0,1050.0,1150.0,1200.0,1300.0,1350.0,1450.0,1500.0,1600.0,1650.0,1750.0,1800.0,1900.0,1950.0,2000.0,2100.0,2150.0,2250.0,2300.0,2350.0,2400.0,2450.0,2500.0,2550.0,2600.0,2650.0,2700.0,2750.0,2800.0,2850.0,2900.0,2950.0,3000.0,3050.0,3100.0,3150.0,3200.0,3250.0,3300.0,3350.0,3400.0,3450.0,3500.0,3550.0,3600.0,3650.0,3700.0,3750.0,3800.0,3850.0,3900.0,3950.0,4000.0,4050.0,4100.0,4150.0,4200.0,4250.0,4300.0,4350.0,4400.0,4450.0,4250.0,4300.0,4350.0,4400.0,4450.0,4450.0,5050.0,5100.0,5150.0,5200.0,5250.0,5300.0,5350.0,5400.0,5450.0,
76,7028,200.0,450.0,600.0,700.0,800.0,900.0,950.0,1050.0,1100.0,1200.0,1250.0,1300.0,1350.0,1450.0,1500.0,1550.0,1600.0,1650.0,1700.0,1750.0,1800.0,1850.0,1900.0,1950.0,2000.0,2050.0,2100.0,2150.0,2200.0,2250.0,2300.0,2350.0,2400.0,2450.0,2500.0,2550.0,2600.0,2650.0,2700.0,2750.0,2800.0,2850.0,2900.0,2950.0,3000.0,3050.0,3100.0,3150.0,3200.0,3250.0,3300.0,3350.0,3400.0,3450.0,3500.0,3550.0,3600.0,3650.0,3700.0,3750.0,3800.0,3850.0,3900.0,3950.0,4000.0,4050.0,4100.0,4150.0,4200.0,4250.0,4300.0,4350.0,4400.0,4450.0,4250.0,4300.0,4350.0,4400.0,4450.0,4450.0,5050.0,5100.0,5150.0,5200.0,5250.0,5300.0,5350.0,5400.0,5450.0,
77,6685,200.0,450.0,600.0,700.0,800.0,900.0,950.0,1050.0,1100.0,1200.0,1250.0,1300.0,1350.0,1450.0,1500.0,1550.0,1600.0,1650.0,1700.0,1750.0,1800.0,1850.0,1900.0,1950.0,2000.0,2050.0,2100.0,2150.0,2200.0,2250.0,2300.0,2350.0,2400.0,2450.0,2500.0,2550.0,2600.0,2650.0,2700.0,2750.0,2800.0,2850.0,2900.0,2950.0,3000.0,3050.0,3100.0,3150.0,3200.0,3250.0,3300.0,3350.0,3400.0,3450.0,3500.0,3550.0,3600.0,3650.0,3700.0,3750.0,3800.0,3850.0,3900.0,3950.0,4000.0,4050.0,4100.0,4150.0,4200.0,4250.0,4300.0,4350.0,4400.0,4450.0,4250.0,4300.0,4350.0,4400.0,4450.0,4450.0,5050.0,5100.0,5150.0,5200.0,5250.0,5300.0,5350.0,5400.0,5450.0,
78,1851,50.0,150.0,250.0,300.0,400.0,450.0,550.0,600.0,700.0,750.0,850.0,900.0,1000.0,1050.0,1150.0,1200.0,1300.0,1350.0,1450.0,1500.0,1600.0,1650.0,1750.0,1800.0,1900.0,1950.0,2000.0,2100.0,2150.0,2250.0,2300.0,2350.0,2400.0,2450.0,2500.0,2550.0,2600.0,2650.0,2700.0,2750.0,2800.0,2850.0,2900.0,2950.0,3000.0,3050.0,3100.0,3150.0,3200.0,3250.0,3300.0,3350.0,3400.0,3450.0,3500.0,3550.0,3600.0,3650.0,3700.0,3750.0,3800.0,3850.0,3900.0,3950.0,4000.0,4050.0,4100.0,4150.0,4200.0,4250.0,4300.0,4350.0,4400.0,4450.0,4250.0,4300.0,4350.0,4400.0,4450.0,4450.0,5050.0,5100.0,5150.0,5200.0,5250.0,5300.0,5350.0,5400.0,5450.0,
79,3579,450.0,650.0,800.0,950.0,1050.0,1150.0,1250.0,1300.0,1350.0,1400.0,1450.0,1500.0,1550.0,1600.0,1700.0,1750.0,1800.0,1850.0,1900.0,1950.0,2000.0,2050.0,2100.0,2150.0,2200.0,2250.0,2300.0,2350.0,2400.0,2450.0,2500.0,2550.0,2600.0,2650.0,2700.0,2750.0,2800.0,2800.0,2850.0,2850.0,,,,,,,,,,,,,,,,,,,,,,,,,,,,,,,,,,,,,,,,,,,,,,,,,,
80,6870,300.0,500.0,650.0,750.0,850.0,900.0,1000.0,1050.0,1150.0,1200.0,1300.0,1350.0,1450.0,1500.0,1550.0,1600.0,1650.0,1700.0,1800.0,1850.0,1900.0,1950.0,2000.0,2050.0,2100.0,2150.0,2200.0,2250.0,2300.0,2350.0,2400.0,2450.0,2500.0,2550.0,2600.0,2650.0,2700.0,2750.0,2800.0,2850.0,2900.0,2950.0,3000.0,3050.0,3100.0,3150.0,3200.0,3250.0,3300.0,3350.0,3400.0,3450.0,3500.0,3550.0,3600.0,3650.0,3700.0,3750.0,3800.0,3850.0,3900.0,3950.0,4000.0,4050.0,4100.0,4150.0,4200.0,4250.0,4300.0,4350.0,4400.0,4450.0,4500.0,4550.0,4600.0,4650.0,4700.0,4750.0,4800.0,4850.0,4900.0,4950.0,5000.0,5050.0,5100.0,5150.0,5200.0,5250.0,,
81,8079,250.0,550.0,700.0,800.0,900.0,1000.0,1100.0,1200.0,1300.0,1350.0,1400.0,1450.0,1500.0,1550.0,1600.0,1650.0,1700.0,1750.0,1800.0,1850.0,1900.0,1950.0,2000.0,2050.0,2100.0,2150.0,2200.0,2250.0,2300.0,2350.0,2400.0,2450.0,2500.0,2550.0,2600.0,2650.0,2700.0,2750.0,2800.0,2850.0,2900.0,2950.0,3000.0,3050.0,3100.0,3150.0,3200.0,3250.0,3300.0,3350.0,3400.0,3450.0,3500.0,3550.0,3600.0,3650.0,3700.0,3750.0,3800.0,3850.0,3900.0,3950.0,4000.0,4050.0,4100.0,4150.0,4200.0,4250.0,4300.0,4350.0,4400.0,4450.0,4500.0,4550.0,4600.0,4650.0,4700.0,4750.0,5000.0,5050.0,5100.0,5150.0,5200.0,5250.0,,,,,,
82,8787,350.0,600.0,750.0,900.0,1000.0,1100.0,1200.0,1250.0,1350.0,1400.0,1500.0,1550.0,1650.0,1700.0,1750.0,1800.0,1850.0,1900.0,2000.0,2050.0,2100.0,2150.0,2200.0,2250.0,2300.0,2350.0,2400.0,2450.0,2500.0,2550.0,2600.0,2650.0,2700.0,2750.0,2800.0,2850.0,2900.0,2950.0,3050.0,3100.0,3150.0,3200.0,3250.0,3300.0,3350.0,3400.0,3450.0,3500.0,3550.0,3600.0,3650.0,3700.0,3750.0,3800.0,3850.0,3900.0,3950.0,4000.0,4050.0,4150.0,4200.0,4250.0,4300.0,4350.0,4400.0,4450.0,4500.0,4550.0,4600.0,4700.0,4750.0,4800.0,4850.0,4900.0,5000.0,5050.0,5100.0,5150.0,5200.0,5300.0,5350.0,5400.0,5450.0,5550.0,5650.0,5750.0,5850.0,5950.0,6050.0,
83,9525,400.0,500.0,600.0,700.0,850.0,900.0,950.0,1000.0,1050.0,1150.0,1200.0,1250.0,1300.0,1350.0,1400.0,1500.0,1550.0,1600.0,1650.0,1700.0,1750.0,1800.0,1850.0,1900.0,1950.0,2000.0,2050.0,2100.0,2150.0,2200.0,2250.0,2300.0,2350.0,2400.0,2450.0,2500.0,2550.0,2600.0,2650.0,2700.0,2750.0,2800.0,2850.0,2900.0,2950.0,3000.0,3050.0,3100.0,3150.0,3200.0,3250.0,3300.0,3350.0,3400.0,3450.0,3500.0,3550.0,3600.0,3650.0,3700.0,3750.0,3800.0,3850.0,3900.0,3950.0,4000.0,4050.0,4100.0,4150.0,4200.0,4250.0,4300.0,4350.0,4400.0,4450.0,4500.0,4550.0,4600.0,,,,,,,,,,,,
84,1607,100.0,300.0,450.0,600.0,700.0,750.0,800.0,850.0,900.0,950.0,1000.0,1050.0,1100.0,1150.0,1200.0,1250.0,1300.0,1350.0,1400.0,1450.0,1500.0,1550.0,1600.0,1650.0,1700.0,1750.0,1800.0,1850.0,1900.0,1950.0,2000.0,2050.0,2100.0,2150.0,2200.0,2250.0,2300.0,2350.0,2400.0,2450.0,2500.0,2550.0,2600.0,2650.0,2700.0,2750.0,2800.0,2850.0,2900.0,2950.0,3000.0,3050.0,3100.0,3150.0,3200.0,3250.0,3300.0,3350.0,3400.0,3450.0,3500.0,3550.0,3600.0,3650.0,3700.0,3750.0,3800.0,3450.0,3500.0,3550.0,3600.0,3650.0,3700.0,3750.0,3800.0,3850.0,3900.0,3950.0,4000.0,,,,,,,,,,,
85,4744,200.0,400.0,600.0,800.0,1000.0,1100.0,1150.0,1200.0,1250.0,1350.0,1400.0,1450.0,1500.0,1550.0,1600.0,1650.0,1700.0,1750.0,1800.0,1850.0,1900.0,1950.0,2000.0,2050.0,2100.0,2150.0,2200.0,2250.0,2300.0,2350.0,2400.0,2450.0,2500.0,2550.0,2600.0,2650.0,2700.0,2750.0,2800.0,2850.0,2900.0,2950.0,3000.0,3050.0,3100.0,3150.0,3200.0,3250.0,3300.0,3350.0,3400.0,3450.0,3500.0,3550.0,3600.0,3650.0,3700.0,3750.0,3800.0,3850.0,3900.0,3950.0,4000.0,4050.0,4100.0,4150.0,4200.0,4250.0,4300.0,4350.0,4400.0,4450.0,4500.0,4550.0,4600.0,4650.0,4700.0,4750.0,,,,,,,,,,,,
86,8742,200.0,600.0,900.0,1000.0,1050.0,1100.0,1150.0,1200.0,1250.0,1350.0,1400.0,1450.0,1500.0,1550.0,1600.0,1650.0,1700.0,1750.0,1800.0,1850.0,1900.0,1950.0,2000.0,2050.0,2100.0,2150.0,2200.0,2250.0,2300.0,2350.0,2400.0,2450.0,2500.0,2550.0,2600.0,2650.0,2700.0,2750.0,2800.0,2850.0,2900.0,2950.0,3000.0,3050.0,3100.0,3150.0,3200.0,3250.0,3300.0,3350.0,3400.0,3450.0,3500.0,3550.0,3600.0,3650.0,3700.0,3750.0,3800.0,3850.0,3900.0,3950.0,4000.0,4050.0,4100.0,4150.0,4200.0,4250.0,4300.0,4350.0,4400.0,4450.0,4500.0,4550.0,4600.0,4650.0,4700.0,4750.0,,,,,,,,,,,,
87,7756,200.0,350.0,550.0,700.0,900.0,1050.0,1200.0,1300.0,1450.0,1500.0,1550.0,1650.0,1700.0,1750.0,1800.0,1850.0,1950.0,2000.0,2050.0,2100.0,2150.0,2200.0,2250.0,2300.0,2350.0,2400.0,2450.0,2550.0,2600.0,2650.0,2700.0,2750.0,2800.0,2850.0,2900.0,2950.0,3000.0,3050.0,3100.0,3150.0,3200.0,3250.0,3300.0,3350.0,3400.0,3450.0,3500.0,3550.0,3600.0,3650.0,3700.0,3750.0,3800.0,3850.0,3900.0,3950.0,4000.0,4050.0,4100.0,4150.0,4200.0,4250.0,4300.0,4350.0,4400.0,4450.0,4500.0,4550.0,4600.0,4650.0,4700.0,4750.0,4800.0,4850.0,,,,,,,,,,,,,,,,
88,1748,100.0,200.0,300.0,400.0,450.0,550.0,650.0,750.0,850.0,900.0,1000.0,1100.0,1200.0,1250.0,1350.0,1450.0,1550.0,1650.0,1700.0,1800.0,1900.0,2000.0,2100.0,2150.0,2250.0,2350.0,2400.0,2450.0,2500.0,2550.0,2600.0,2650.0,2700.0,2750.0,2800.0,2850.0,2900.0,2950.0,3000.0,3050.0,3100.0,3150.0,3200.0,3250.0,3300.0,3350.0,3400.0,3450.0,3500.0,3550.0,3600.0,3650.0,3500.0,3550.0,3600.0,3650.0,,,,,,,,,,,,,,,,,,,,,,,,,,,,,,,,,,
89,2646,250.0,550.0,800.0,900.0,1000.0,1050.0,1150.0,1200.0,,,,,,,,,,,,,,,,,,,,,,,,,,,,,,,,,,,,,,,,,,,,,,,,,,,,,,,,,,,,,,,,,,,,,,,,,,,,,,,,,,
90,6528,250.0,350.0,450.0,550.0,650.0,800.0,900.0,1000.0,1100.0,1200.0,1250.0,1300.0,1350.0,1400.0,1450.0,1500.0,1550.0,1600.0,1700.0,1750.0,1800.0,1850.0,1900.0,1950.0,2000.0,2050.0,2100.0,2150.0,2200.0,2250.0,2300.0,2350.0,2400.0,2450.0,2500.0,2550.0,2600.0,2650.0,2700.0,2750.0,2800.0,2850.0,2900.0,2950.0,3000.0,3050.0,3100.0,3150.0,3200.0,3250.0,3300.0,3350.0,3400.0,3450.0,3500.0,3550.0,3600.0,3650.0,3700.0,3750.0,3800.0,3850.0,3900.0,3950.0,4000.0,4050.0,4100.0,4150.0,4200.0,4250.0,4300.0,4350.0,4400.0,3950.0,4000.0,4050.0,4100.0,4150.0,4200.0,4250.0,4300.0,4350.0,4400.0,5150.0,5200.0,5250.0,5300.0,5300.0,,
91,6888,450.0,500.0,600.0,650.0,750.0,800.0,900.0,950.0,1000.0,1050.0,1100.0,1150.0,1200.0,1250.0,1300.0,1350.0,1400.0,1450.0,1500.0,1550.0,1600.0,1650.0,1700.0,1750.0,1800.0,1850.0,1900.0,1950.0,2000.0,2050.0,2100.0,2150.0,2200.0,2250.0,2300.0,2350.0,2400.0,2450.0,2500.0,2550.0,2600.0,2650.0,2700.0,2750.0,2800.0,2850.0,2900.0,2950.0,3000.0,3050.0,3100.0,3150.0,3200.0,3250.0,3300.0,3350.0,3400.0,3450.0,3500.0,3550.0,3600.0,3650.0,3700.0,3750.0,3800.0,3850.0,3900.0,3950.0,,,,,,,,,,,,,,,,,,,,,,
92,4306,650.0,800.0,900.0,1000.0,1100.0,1150.0,1200.0,1250.0,1300.0,1350.0,1400.0,1450.0,1500.0,1550.0,1600.0,1700.0,1750.0,1800.0,1850.0,1900.0,1950.0,2000.0,2050.0,2100.0,2150.0,2200.0,2250.0,2300.0,2350.0,2400.0,2450.0,2500.0,2550.0,2600.0,2650.0,2700.0,2750.0,2800.0,2850.0,2900.0,2950.0,3000.0,3050.0,3100.0,3150.0,3200.0,3250.0,3300.0,3350.0,3400.0,3450.0,3500.0,3550.0,3600.0,3650.0,3700.0,3750.0,3800.0,3850.0,3900.0,3950.0,4000.0,4050.0,3650.0,3700.0,3750.0,3800.0,3850.0,3900.0,3950.0,4000.0,4050.0,4100.0,4150.0,4200.0,4250.0,4300.0,4350.0,4400.0,4450.0,4300.0,4350.0,4400.0,4450.0,,,,,,
93,3033,500.0,700.0,850.0,950.0,1050.0,1150.0,1250.0,1300.0,1400.0,1450.0,1550.0,1600.0,1650.0,1700.0,1750.0,1800.0,1900.0,1950.0,2000.0,2050.0,2100.0,2150.0,2200.0,2250.0,2300.0,2350.0,2400.0,2450.0,2500.0,2550.0,2600.0,2650.0,2700.0,2750.0,2800.0,2850.0,2900.0,2950.0,3000.0,3050.0,3100.0,3150.0,3200.0,3250.0,3300.0,3350.0,3400.0,3450.0,3500.0,3550.0,3600.0,3650.0,3700.0,3750.0,3800.0,3850.0,3900.0,3950.0,4000.0,4050.0,4100.0,4150.0,4200.0,4250.0,4300.0,4350.0,4400.0,4450.0,4500.0,4550.0,4600.0,4650.0,4700.0,4750.0,4800.0,4850.0,4900.0,4950.0,5000.0,5050.0,5100.0,5150.0,5200.0,5250.0,5300.0,5350.0,,,,
94,3236,200.0,400.0,600.0,800.0,900.0,950.0,1000.0,1100.0,1150.0,1200.0,1250.0,1300.0,1350.0,1400.0,1450.0,1500.0,1550.0,1600.0,1650.0,1700.0,1750.0,1800.0,1850.0,1900.0,1950.0,2000.0,2050.0,2100.0,2150.0,2200.0,2250.0,2300.0,2350.0,2400.0,2450.0,2500.0,2550.0,2600.0,2650.0,2700.0,2750.0,2800.0,2850.0,2900.0,2950.0,3000.0,3050.0,3100.0,3150.0,3200.0,3250.0,3300.0,3350.0,3400.0,3450.0,3500.0,3550.0,3600.0,3650.0,3700.0,3750.0,3800.0,3850.0,3900.0,3950.0,4000.0,4050.0,4100.0,4150.0,4200.0,4250.0,4300.0,4350.0,4400.0,4450.0,4500.0,4550.0,4600.0,4650.0,4700.0,4750.0,4800.0,4850.0,4900.0,,,,,,
95,9880,150.0,300.0,500.0,600.0,650.0,700.0,750.0,800.0,900.0,950.0,1000.0,1050.0,1100.0,1150.0,1200.0,1250.0,1300.0,1350.0,1400.0,1450.0,1500.0,1550.0,1600.0,1650.0,1700.0,1750.0,1800.0,1850.0,1900.0,1950.0,2000.0,2050.0,2100.0,2150.0,2200.0,2250.0,2300.0,2350.0,2400.0,2450.0,2500.0,2550.0,2600.0,2650.0,2700.0,2750.0,2800.0,2850.0,2900.0,2950.0,3000.0,3050.0,3100.0,3150.0,3200.0,3250.0,3300.0,3350.0,3400.0,3450.0,3500.0,3550.0,3600.0,3650.0,3700.0,3750.0,3800.0,3850.0,3900.0,3950.0,4000.0,,,,,,,,,,,,,,,,,,,
96,5847,400.0,500.0,600.0,700.0,800.0,850.0,900.0,950.0,1000.0,1100.0,1150.0,1200.0,1250.0,1300.0,1350.0,1400.0,1450.0,1500.0,1550.0,1600.0,1650.0,1700.0,1750.0,1800.0,1850.0,1900.0,1950.0,2000.0,2050.0,2100.0,2150.0,2200.0,2250.0,2300.0,2350.0,2400.0,2450.0,2500.0,2550.0,2600.0,2650.0,2700.0,2750.0,2800.0,2850.0,2900.0,2950.0,3000.0,3050.0,3100.0,3150.0,3200.0,3250.0,3300.0,3350.0,3400.0,3450.0,3500.0,3550.0,3600.0,3650.0,3700.0,3750.0,3800.0,3850.0,3900.0,3950.0,4000.0,4050.0,3550.0,3600.0,3650.0,3700.0,3750.0,3800.0,3850.0,3900.0,3950.0,4000.0,4050.0,3950.0,4000.0,4050.0,4050.0,,,,,,
97,7468,50.0,250.0,350.0,450.0,550.0,650.0,750.0,850.0,950.0,1100.0,1200.0,1300.0,1400.0,1500.0,1600.0,1700.0,1800.0,1900.0,2050.0,2150.0,2200.0,2250.0,2300.0,2350.0,2400.0,2450.0,2500.0,2550.0,2600.0,2650.0,2700.0,2750.0,2800.0,2850.0,2900.0,2950.0,3000.0,3050.0,3100.0,3150.0,3200.0,3250.0,3300.0,3350.0,3400.0,3450.0,3500.0,3550.0,3600.0,3650.0,3700.0,3750.0,3800.0,3850.0,3900.0,3950.0,4000.0,3750.0,3800.0,3850.0,3900.0,3950.0,4000.0,4000.0,,,,,,,,,,,,,,,,,,,,,,,,,,
98,6672,50.0,250.0,350.0,450.0,550.0,650.0,750.0,850.0,950.0,1100.0,1200.0,1300.0,1400.0,1500.0,1600.0,1700.0,1800.0,1900.0,2050.0,2150.0,2200.0,2250.0,2300.0,2350.0,2400.0,2450.0,2500.0,2550.0,2600.0,2650.0,2700.0,2750.0,2800.0,2850.0,2900.0,2950.0,3000.0,3050.0,3100.0,3150.0,3200.0,3250.0,3300.0,3350.0,3400.0,3450.0,3500.0,3550.0,3600.0,3650.0,3700.0,3750.0,3800.0,3850.0,3900.0,3950.0,4000.0,3750.0,3800.0,3850.0,3900.0,3950.0,4000.0,4000.0,,,,,,,,,,,,,,,,,,,,,,,,,,
99,6873,50.0,250.0,350.0,450.0,550.0,650.0,750.0,850.0,950.0,1100.0,1200.0,1300.0,1400.0,1500.0,1600.0,1700.0,1800.0,1900.0,2050.0,2150.0,2200.0,2250.0,2300.0,2350.0,2400.0,2450.0,2500.0,2550.0,2600.0,2650.0,2700.0,2750.0,2800.0,2850.0,2900.0,2950.0,3000.0,3050.0,3100.0,3150.0,3200.0,3250.0,3300.0,3350.0,3400.0,3450.0,3500.0,3550.0,3600.0,3650.0,3700.0,3750.0,3800.0,3850.0,3900.0,3950.0,4000.0,3750.0,3800.0,3850.0,3900.0,3950.0,4000.0,4000.0,,,,,,,,,,,,,,,,,,,,,,,,,,
100,6189,200.0,250.0,300.0,400.0,450.0,500.0,600.0,650.0,700.0,750.0,800.0,850.0,900.0,950.0,1000.0,1050.0,1100.0,1150.0,1200.0,1250.0,1300.0,1350.0,1400.0,1450.0,1500.0,1550.0,1600.0,1650.0,1700.0,1750.0,1800.0,1850.0,1900.0,1950.0,2000.0,2050.0,2100.0,2150.0,2200.0,2250.0,2300.0,2350.0,2400.0,2450.0,2500.0,2550.0,2600.0,2650.0,2700.0,2750.0,2800.0,2850.0,2900.0,2950.0,3000.0,3050.0,3100.0,3150.0,3200.0,3250.0,3300.0,3350.0,3400.0,3450.0,3500.0,3550.0,3600.0,3650.0,3700.0,4300.0,4350.0,3850.0,3900.0,3950.0,4000.0,4050.0,4100.0,4150.0,4200.0,4250.0,4300.0,4350.0,4250.0,4300.0,4350.0,,,,,
101,7815,400.0,650.0,850.0,1000.0,1100.0,1200.0,1250.0,1350.0,1400.0,1450.0,1550.0,1600.0,1650.0,1700.0,1750.0,1800.0,1850.0,1900.0,2000.0,2050.0,2100.0,2150.0,2200.0,2250.0,2300.0,2350.0,2400.0,2450.0,2500.0,2550.0,2600.0,2650.0,2700.0,2750.0,2800.0,2850.0,2900.0,2950.0,3000.0,3050.0,3100.0,3150.0,3200.0,3250.0,3300.0,3350.0,3400.0,3450.0,3500.0,3550.0,3600.0,3650.0,3700.0,3750.0,3800.0,3850.0,3900.0,3950.0,4000.0,4050.0,4100.0,4150.0,4200.0,4250.0,4300.0,4350.0,4400.0,4450.0,4500.0,4550.0,4600.0,4650.0,4700.0,,,,,,,,,,,,,,,,,
102,4050,600.0,750.0,800.0,850.0,900.0,950.0,1050.0,1100.0,1150.0,1200.0,1250.0,1350.0,1400.0,1450.0,1500.0,1550.0,1600.0,1650.0,1700.0,1750.0,1800.0,1850.0,1900.0,1950.0,2000.0,2050.0,2100.0,2150.0,2200.0,2250.0,2300.0,2350.0,2400.0,2450.0,2500.0,2550.0,2600.0,2650.0,2700.0,2750.0,2800.0,2850.0,2900.0,2950.0,3000.0,3050.0,3100.0,3150.0,3200.0,3250.0,3300.0,3350.0,3400.0,3450.0,3500.0,3550.0,3600.0,3650.0,3700.0,3750.0,3800.0,3850.0,3900.0,3950.0,4000.0,4050.0,4100.0,4150.0,4200.0,4250.0,4300.0,4350.0,4400.0,4450.0,4500.0,4550.0,4600.0,,,,,,,,,,,,,
103,6549,200.0,350.0,500.0,650.0,800.0,1000.0,1150.0,1250.0,1300.0,1350.0,1400.0,1450.0,1500.0,1550.0,1600.0,1650.0,1700.0,1750.0,1800.0,1850.0,1900.0,1950.0,2000.0,2050.0,2100.0,2150.0,2200.0,2250.0,2300.0,2350.0,2400.0,2450.0,2500.0,2550.0,2600.0,2650.0,2700.0,2750.0,2800.0,2850.0,2900.0,2950.0,3000.0,3050.0,3100.0,3150.0,3200.0,3250.0,3300.0,3350.0,3400.0,3450.0,3500.0,3550.0,3600.0,3650.0,3700.0,3750.0,3800.0,3850.0,3900.0,3950.0,4000.0,4050.0,4100.0,4150.0,4200.0,4250.0,3650.0,3700.0,3750.0,3800.0,3850.0,3900.0,3950.0,4000.0,4050.0,4100.0,4150.0,4200.0,4250.0,,,,,,,,,
104,3501,300.0,500.0,650.0,800.0,900.0,1000.0,1100.0,1200.0,1250.0,1350.0,1450.0,1500.0,1550.0,1600.0,1650.0,1700.0,1750.0,1800.0,1850.0,1900.0,1950.0,2000.0,2050.0,2100.0,2150.0,2200.0,2250.0,2300.0,2350.0,2400.0,2450.0,2500.0,2550.0,2600.0,2650.0,2700.0,2750.0,2800.0,2850.0,2900.0,2950.0,3000.0,3050.0,3100.0,3150.0,3200.0,3250.0,3300.0,3350.0,3400.0,3450.0,3500.0,3550.0,3600.0,3650.0,3700.0,3750.0,3800.0,3850.0,3900.0,3950.0,4000.0,4050.0,4100.0,4350.0,4400.0,4450.0,4500.0,4550.0,4600.0,4650.0,4700.0,4750.0,4800.0,4850.0,4900.0,4950.0,5000.0,5050.0,,,,,,,,,,,
105,4275,250.0,500.0,750.0,1050.0,1200.0,1300.0,1350.0,1450.0,1550.0,1600.0,1650.0,1750.0,1800.0,1850.0,1900.0,2000.0,2050.0,2100.0,2150.0,2200.0,2250.0,2300.0,2350.0,2400.0,2450.0,2500.0,2550.0,2600.0,2650.0,2700.0,2750.0,2800.0,2850.0,2900.0,2950.0,3000.0,3050.0,3100.0,3150.0,3200.0,3250.0,3300.0,3350.0,3400.0,3450.0,3500.0,3550.0,3600.0,3650.0,3700.0,3750.0,3800.0,3850.0,3900.0,3950.0,4000.0,4050.0,4100.0,4150.0,,,,,,,,,,,,,,,,,,,,,,,,,,,,,,,
106,8328,200.0,600.0,750.0,850.0,1000.0,1100.0,1200.0,1250.0,1300.0,1350.0,1400.0,1450.0,1500.0,1550.0,1600.0,1650.0,1700.0,1750.0,1800.0,1850.0,1900.0,1950.0,2000.0,2050.0,2100.0,2150.0,2200.0,2250.0,2300.0,2350.0,2400.0,2450.0,2500.0,2550.0,2600.0,2650.0,2700.0,2750.0,2800.0,2850.0,2900.0,2950.0,3000.0,3050.0,3100.0,3150.0,3200.0,3250.0,3300.0,3350.0,3400.0,3450.0,3500.0,3550.0,3600.0,3650.0,3700.0,3750.0,3800.0,3850.0,3900.0,3950.0,4000.0,4050.0,4100.0,4150.0,4200.0,4250.0,4300.0,4350.0,4400.0,4450.0,4500.0,4550.0,4600.0,4650.0,4700.0,4750.0,,,,,,,,,,,,
107,4711,600.0,800.0,900.0,950.0,1050.0,1100.0,1150.0,1200.0,1300.0,1350.0,1400.0,1450.0,1500.0,1550.0,1600.0,1650.0,1700.0,1750.0,1800.0,1850.0,1900.0,1950.0,2000.0,2050.0,2100.0,2150.0,2200.0,2250.0,2300.0,2350.0,2400.0,2450.0,2500.0,2550.0,2600.0,2650.0,2700.0,2750.0,2800.0,2850.0,2900.0,2950.0,3000.0,3050.0,3100.0,3150.0,3200.0,3250.0,3300.0,3350.0,3400.0,3450.0,3500.0,3550.0,3600.0,3650.0,3700.0,3750.0,3800.0,3850.0,3900.0,3950.0,4000.0,4050.0,4100.0,4150.0,4200.0,4250.0,4300.0,4350.0,4400.0,,,,,,,,,,,,,,,,,,,
108,3495,396.0,561.0,726.0,891.0,957.0,1023.0,1089.0,1155.0,1221.0,1287.0,1320.0,1386.0,1452.0,1485.0,1551.0,1584.0,1650.0,1683.0,1749.0,1782.0,1848.0,1881.0,1914.0,1980.0,2013.0,2046.0,2112.0,2145.0,2178.0,2211.0,2277.0,2310.0,2343.0,2376.0,2409.0,2475.0,2508.0,2541.0,2574.0,2607.0,2640.0,2706.0,2739.0,2772.0,2805.0,2838.0,2871.0,2937.0,2970.0,3003.0,3036.0,3069.0,3102.0,3135.0,3168.0,3234.0,3267.0,3300.0,3333.0,3366.0,3399.0,3432.0,3465.0,3531.0,3564.0,3597.0,3630.0,3663.0,3696.0,3729.0,3795.0,3828.0,3861.0,3894.0,3927.0,3993.0,4026.0,4059.0,4092.0,4158.0,4191.0,4224.0,4290.0,4323.0,4389.0,4422.0,4488.0,4521.0,4587.0,
109,7952,50.0,300.0,800.0,900.0,1000.0,1050.0,1100.0,1200.0,1250.0,1300.0,1400.0,1450.0,1550.0,1600.0,1650.0,1750.0,1800.0,1850.0,1900.0,1950.0,2000.0,2050.0,2100.0,2150.0,2200.0,2250.0,2300.0,2350.0,2400.0,2450.0,2500.0,2550.0,2600.0,2650.0,2700.0,2750.0,2800.0,2850.0,2900.0,2950.0,3000.0,3050.0,3100.0,3150.0,3200.0,3250.0,3300.0,3350.0,3400.0,3450.0,3500.0,3550.0,3600.0,3650.0,3700.0,3750.0,3800.0,3850.0,3900.0,3950.0,4000.0,4050.0,4100.0,4150.0,4200.0,4250.0,4300.0,4350.0,4400.0,4450.0,4500.0,4550.0,4600.0,4650.0,4700.0,4750.0,4800.0,,,,,,,,,,,,,
110,5267,50.0,400.0,800.0,900.0,1000.0,1050.0,1100.0,1200.0,1250.0,1300.0,1400.0,1450.0,1550.0,1600.0,1650.0,1750.0,1800.0,1850.0,1900.0,1950.0,2000.0,2050.0,2100.0,2150.0,2200.0,2250.0,2300.0,2350.0,2400.0,2450.0,2500.0,2550.0,2600.0,2650.0,2700.0,2750.0,2800.0,2850.0,2900.0,2950.0,3000.0,3050.0,3100.0,3150.0,3200.0,3250.0,3300.0,3350.0,3400.0,3450.0,3500.0,3550.0,3600.0,3650.0,3700.0,3750.0,3800.0,3850.0,3900.0,3950.0,4000.0,4050.0,4100.0,4150.0,4200.0,4250.0,4300.0,4350.0,4400.0,4450.0,4500.0,4550.0,4600.0,4650.0,4700.0,4750.0,4800.0,,,,,,,,,,,,,
111,9047,50.0,300.0,800.0,900.0,1000.0,1050.0,1100.0,1200.0,1250.0,1300.0,1400.0,1450.0,1550.0,1600.0,1650.0,1750.0,1800.0,1850.0,1900.0,1950.0,2000.0,2050.0,2100.0,2150.0,2200.0,2250.0,2300.0,2350.0,2400.0,2450.0,2500.0,2550.0,2600.0,2650.0,2700.0,2750.0,2800.0,2850.0,2900.0,2950.0,3000.0,3050.0,3100.0,3150.0,3200.0,3250.0,3300.0,3350.0,3400.0,3450.0,3500.0,3550.0,3600.0,3650.0,3700.0,3750.0,3800.0,3850.0,3900.0,3950.0,4000.0,4050.0,4100.0,4150.0,4200.0,4250.0,4300.0,4350.0,4400.0,4450.0,4500.0,4550.0,4600.0,4650.0,4700.0,4750.0,4800.0,,,,,,,,,,,,,
112,3842,250.0,400.0,500.0,650.0,750.0,900.0,1000.0,1100.0,1150.0,1200.0,1250.0,1300.0,1350.0,1400.0,1450.0,1500.0,1550.0,1600.0,1650.0,1700.0,1750.0,1800.0,1850.0,1900.0,1950.0,2000.0,2050.0,2100.0,2150.0,2200.0,2250.0,2300.0,2350.0,2400.0,2450.0,2500.0,2550.0,2600.0,2650.0,2700.0,2750.0,2800.0,2850.0,2900.0,2950.0,3000.0,3050.0,3100.0,3150.0,3200.0,3250.0,3300.0,3350.0,3400.0,3450.0,3500.0,3550.0,3600.0,3650.0,3700.0,3750.0,3800.0,3850.0,3900.0,3950.0,4000.0,4050.0,4100.0,4150.0,4200.0,4250.0,3750.0,3800.0,3850.0,3900.0,3950.0,4000.0,4050.0,4100.0,4150.0,4200.0,4250.0,4200.0,4250.0,4250.0,5400.0,5500.0,5550.0,5600.0,
113,4317,500.0,650.0,750.0,800.0,850.0,950.0,1000.0,1050.0,1150.0,1200.0,1250.0,1300.0,1350.0,1400.0,1450.0,1500.0,1550.0,1600.0,1650.0,1700.0,1750.0,1800.0,1850.0,1900.0,1950.0,2000.0,2050.0,2100.0,2150.0,2200.0,2250.0,2300.0,2350.0,2400.0,2450.0,2500.0,2550.0,2600.0,2650.0,2700.0,2750.0,2800.0,2850.0,2900.0,2950.0,3000.0,3050.0,3100.0,3150.0,3200.0,3250.0,3300.0,3350.0,3400.0,3450.0,3500.0,3550.0,3600.0,3650.0,3700.0,3750.0,3800.0,3850.0,3900.0,3950.0,4000.0,4050.0,4100.0,4150.0,4200.0,4250.0,4300.0,4350.0,4400.0,,,,,,,,,,,,,,,,
114,4264,200.0,400.0,600.0,800.0,950.0,1000.0,1050.0,1100.0,1150.0,1200.0,1250.0,1300.0,1350.0,1400.0,1450.0,1500.0,1550.0,1600.0,1650.0,1700.0,1750.0,1800.0,1850.0,1900.0,1950.0,2000.0,2050.0,2100.0,2150.0,2200.0,2250.0,2300.0,2350.0,2400.0,2450.0,2500.0,2550.0,2600.0,2650.0,2700.0,2750.0,2800.0,2850.0,2900.0,2950.0,3000.0,3050.0,3100.0,3150.0,3200.0,3250.0,3300.0,3350.0,3400.0,3450.0,3500.0,3550.0,3600.0,3650.0,3700.0,3750.0,3800.0,3850.0,3900.0,3950.0,4000.0,4050.0,4100.0,4150.0,4200.0,4250.0,4300.0,,,,,,,,,,,,,,,,,,
115,3363,450.0,600.0,700.0,800.0,950.0,1050.0,1150.0,1300.0,1350.0,1400.0,1450.0,1500.0,1550.0,1600.0,1650.0,1700.0,1750.0,1800.0,1850.0,1900.0,1950.0,2000.0,2050.0,2100.0,2150.0,2200.0,2250.0,2300.0,2350.0,2400.0,2450.0,2500.0,2550.0,2600.0,2650.0,2700.0,2750.0,2800.0,2850.0,2900.0,2950.0,3000.0,3050.0,3100.0,3150.0,3200.0,3250.0,3300.0,3350.0,3400.0,3450.0,3500.0,3550.0,3600.0,3650.0,3700.0,3750.0,3800.0,3850.0,3900.0,3950.0,4000.0,4050.0,4100.0,4150.0,4200.0,4250.0,4300.0,4350.0,4400.0,4450.0,,,,,,,,,,,,,,,,,,,
116,9389,100.0,150.0,250.0,300.0,400.0,450.0,550.0,600.0,700.0,750.0,850.0,900.0,1000.0,1050.0,1150.0,1200.0,1300.0,1350.0,1450.0,1500.0,1600.0,1650.0,1750.0,1800.0,1850.0,1900.0,1950.0,2000.0,2050.0,2100.0,2150.0,2200.0,2250.0,2300.0,2350.0,2400.0,2450.0,2500.0,2550.0,2600.0,2650.0,2700.0,2750.0,2800.0,2850.0,2900.0,2950.0,3000.0,3050.0,3100.0,3150.0,3200.0,3250.0,3300.0,3350.0,3400.0,3450.0,3500.0,3550.0,3600.0,3650.0,3700.0,3750.0,3800.0,3850.0,3900.0,3950.0,4000.0,4050.0,4100.0,4150.0,4200.0,4250.0,4300.0,4350.0,4400.0,4450.0,,,,,,,,,,,,,
117,5656,100.0,150.0,250.0,300.0,400.0,450.0,550.0,600.0,700.0,750.0,850.0,900.0,1000.0,1050.0,1150.0,1200.0,1300.0,1350.0,1450.0,1500.0,1600.0,1650.0,1750.0,1800.0,1850.0,1900.0,1950.0,2000.0,2050.0,2100.0,2150.0,2200.0,2250.0,2300.0,2350.0,2400.0,2450.0,2500.0,2550.0,2600.0,2650.0,2700.0,2750.0,2800.0,2850.0,2900.0,2950.0,3000.0,3050.0,3100.0,3150.0,3200.0,3250.0,3300.0,3350.0,3400.0,3450.0,3500.0,3550.0,3600.0,3650.0,3700.0,3750.0,3800.0,3850.0,3900.0,3950.0,4000.0,4050.0,4100.0,4150.0,4200.0,4250.0,4300.0,4350.0,4400.0,4450.0,,,,,,,,,,,,,
118,3326,100.0,150.0,250.0,300.0,400.0,450.0,550.0,600.0,700.0,750.0,850.0,900.0,1000.0,1050.0,1150.0,1200.0,1300.0,1350.0,1450.0,1500.0,1600.0,1650.0,1750.0,1800.0,1850.0,1900.0,1950.0,2000.0,2050.0,2100.0,2150.0,2200.0,2250.0,2300.0,2350.0,2400.0,2450.0,2500.0,2550.0,2600.0,2650.0,2700.0,2750.0,2800.0,2850.0,2900.0,2950.0,3000.0,3050.0,3100.0,3150.0,3200.0,3250.0,3300.0,3350.0,3400.0,3450.0,3500.0,3550.0,3600.0,3650.0,3700.0,3750.0,3800.0,3850.0,3900.0,3950.0,4000.0,4050.0,4100.0,4150.0,4200.0,4250.0,4300.0,4350.0,4400.0,4450.0,,,,,,,,,,,,,
119,7029,100.0,150.0,250.0,300.0,400.0,450.0,550.0,600.0,700.0,750.0,850.0,900.0,1000.0,1050.0,1150.0,1200.0,1300.0,1350.0,1450.0,1500.0,1600.0,1650.0,1750.0,1800.0,1850.0,1900.0,1950.0,2000.0,2050.0,2100.0,2150.0,2200.0,2250.0,2300.0,2350.0,2400.0,2450.0,2500.0,2550.0,2600.0,2650.0,2700.0,2750.0,2800.0,2850.0,2900.0,2950.0,3000.0,3050.0,3100.0,3150.0,3200.0,3250.0,3300.0,3350.0,3400.0,3450.0,3500.0,3550.0,3600.0,3650.0,3700.0,3750.0,3800.0,3850.0,3900.0,3950.0,4000.0,4050.0,4100.0,4150.0,4200.0,4250.0,4300.0,4350.0,4400.0,4450.0,,,,,,,,,,,,,
120,7186,500.0,650.0,750.0,850.0,1000.0,1100.0,1200.0,1300.0,1350.0,1400.0,1450.0,1500.0,1550.0,1600.0,1650.0,1750.0,1800.0,1850.0,1900.0,1950.0,2000.0,2050.0,2100.0,2150.0,2200.0,2250.0,2300.0,2350.0,2400.0,2450.0,2500.0,2550.0,2600.0,2650.0,2700.0,2750.0,2800.0,2850.0,2900.0,2950.0,3000.0,3050.0,3100.0,3150.0,3200.0,3250.0,3300.0,3350.0,3400.0,3450.0,3500.0,3550.0,3600.0,3650.0,3700.0,3750.0,3800.0,3850.0,3900.0,3950.0,3900.0,3950.0,4000.0,4050.0,4100.0,4100.0,,,,,,,,,,,,,,,,,,,,,,,,
121,5206,250.0,350.0,500.0,650.0,750.0,800.0,900.0,1000.0,1050.0,1150.0,1200.0,1250.0,1300.0,1350.0,1450.0,1500.0,1550.0,1600.0,1650.0,1700.0,1750.0,1800.0,1850.0,1900.0,1950.0,2000.0,2050.0,2100.0,2150.0,2200.0,2250.0,2300.0,2350.0,2400.0,2450.0,2500.0,2550.0,2600.0,2650.0,2700.0,2750.0,2800.0,2850.0,2900.0,2950.0,3000.0,3050.0,3100.0,3150.0,3200.0,3250.0,3300.0,3350.0,3400.0,3450.0,3500.0,3550.0,3600.0,3650.0,3700.0,3750.0,3800.0,3850.0,3900.0,3950.0,4000.0,4050.0,4100.0,4150.0,4200.0,3650.0,3700.0,3750.0,3800.0,3850.0,3900.0,3950.0,4000.0,4050.0,4100.0,4150.0,4200.0,4100.0,4150.0,4200.0,4200.0,,,,
122,4503,700.0,900.0,1050.0,1250.0,1300.0,1400.0,1450.0,1500.0,1550.0,1600.0,1700.0,1750.0,1800.0,1850.0,1900.0,1950.0,2000.0,2050.0,2100.0,2150.0,2200.0,2250.0,2300.0,2350.0,2400.0,2450.0,2500.0,2550.0,2600.0,2650.0,2700.0,2750.0,2800.0,2850.0,2900.0,2950.0,3000.0,3050.0,3100.0,3150.0,3200.0,3250.0,3300.0,3350.0,3400.0,3450.0,3500.0,3550.0,3600.0,3650.0,3700.0,3750.0,3800.0,3850.0,3900.0,3950.0,4000.0,4050.0,4100.0,4150.0,4200.0,4250.0,4300.0,4350.0,4400.0,4450.0,4500.0,4550.0,4600.0,4650.0,4700.0,4750.0,4800.0,4850.0,4900.0,4950.0,5000.0,5050.0,5100.0,5150.0,4850.0,4900.0,4950.0,5000.0,5050.0,5100.0,,,,
123,8969,400.0,500.0,600.0,650.0,750.0,800.0,900.0,950.0,1050.0,1100.0,1150.0,1200.0,1300.0,1350.0,1400.0,1450.0,1500.0,1550.0,1600.0,1650.0,1700.0,1750.0,1800.0,1850.0,1900.0,1950.0,2000.0,2050.0,2100.0,2150.0,2200.0,2250.0,2300.0,2350.0,2400.0,2450.0,2500.0,2550.0,2600.0,2650.0,2700.0,2750.0,2800.0,2850.0,2900.0,2950.0,3000.0,3050.0,3100.0,3150.0,3200.0,3250.0,3300.0,3350.0,3400.0,3450.0,3500.0,3550.0,3600.0,3650.0,3700.0,3750.0,3800.0,3850.0,3900.0,3950.0,3600.0,3650.0,3700.0,3750.0,3800.0,3850.0,3900.0,3950.0,3900.0,3950.0,,,,,,,,,,,,,,
124,7947,500.0,600.0,700.0,750.0,850.0,950.0,1000.0,1050.0,1150.0,1200.0,1300.0,1350.0,1400.0,1450.0,1500.0,1550.0,1600.0,1650.0,1700.0,1750.0,1800.0,1850.0,1900.0,1950.0,2000.0,2050.0,2100.0,2150.0,2200.0,2250.0,2300.0,2350.0,2400.0,2450.0,2500.0,2550.0,2600.0,2650.0,2700.0,2750.0,2800.0,2850.0,2900.0,2950.0,3000.0,3050.0,3100.0,3150.0,3200.0,3250.0,3300.0,3350.0,3400.0,3450.0,3500.0,3550.0,3600.0,3650.0,3700.0,3750.0,3800.0,3850.0,3900.0,3950.0,4000.0,4050.0,4100.0,4150.0,4200.0,4250.0,,,,,,,,,,,,,,,,,,,,
125,6525,350.0,550.0,650.0,750.0,850.0,900.0,1000.0,1050.0,1150.0,1200.0,1250.0,1300.0,1400.0,1450.0,1500.0,1550.0,1600.0,1650.0,1700.0,1750.0,1800.0,1850.0,1900.0,1950.0,2000.0,2050.0,2100.0,2150.0,2200.0,2250.0,2300.0,2350.0,2400.0,2450.0,2500.0,2550.0,2600.0,2650.0,2700.0,2750.0,2800.0,2850.0,2900.0,2950.0,3000.0,3050.0,3100.0,3150.0,3200.0,3250.0,3300.0,3350.0,3400.0,3450.0,3500.0,3550.0,3600.0,3650.0,3700.0,3750.0,3800.0,3850.0,3900.0,3950.0,4000.0,4050.0,4100.0,4150.0,4200.0,4250.0,4300.0,4350.0,,,,,,,,,,,,,,,,,,
126,7359,450.0,600.0,750.0,850.0,950.0,1000.0,1050.0,1150.0,1200.0,1250.0,1350.0,1400.0,1450.0,1500.0,1550.0,1600.0,1650.0,1700.0,1750.0,1800.0,1850.0,1900.0,1950.0,2000.0,2050.0,2100.0,2150.0,2200.0,2250.0,2300.0,2350.0,2400.0,2450.0,2500.0,2550.0,2600.0,2650.0,2700.0,2750.0,2800.0,2850.0,2900.0,2950.0,3000.0,3050.0,3100.0,3150.0,3200.0,3250.0,3300.0,3350.0,3400.0,3450.0,3500.0,3550.0,3600.0,3650.0,3700.0,3750.0,3800.0,3850.0,3900.0,3950.0,4000.0,4050.0,4100.0,4150.0,4200.0,4250.0,,,,,,,,,,,,,,,,,,,,,
127,9348,250.0,500.0,750.0,900.0,950.0,1000.0,1100.0,1150.0,1200.0,1250.0,1300.0,1350.0,1400.0,1450.0,1500.0,1550.0,1600.0,1650.0,1700.0,1750.0,1800.0,1850.0,1900.0,1950.0,2000.0,2050.0,2100.0,2150.0,2200.0,2250.0,2300.0,2350.0,2400.0,2450.0,2500.0,2550.0,2600.0,2650.0,2700.0,2750.0,2800.0,2850.0,2900.0,2950.0,3000.0,3050.0,3100.0,3150.0,3200.0,3250.0,3300.0,3350.0,3400.0,3450.0,3500.0,3550.0,3600.0,3650.0,3700.0,3750.0,3800.0,3850.0,3900.0,3950.0,4000.0,3600.0,3650.0,3700.0,3750.0,3800.0,3850.0,3900.0,3950.0,4000.0,3950.0,4000.0,5050.0,5100.0,5750.0,5800.0,5850.0,5900.0,5950.0,6000.0,6050.0,6100.0,6150.0,6200.0,6250.0,
128,3247,300.0,500.0,650.0,700.0,800.0,850.0,900.0,1000.0,1050.0,1100.0,1200.0,1250.0,1300.0,1350.0,1400.0,1500.0,1550.0,1600.0,1650.0,1700.0,1750.0,1800.0,1850.0,1900.0,1950.0,2000.0,2050.0,2100.0,2150.0,2200.0,2250.0,2300.0,2350.0,2400.0,2450.0,2500.0,2550.0,2600.0,2650.0,2700.0,2750.0,2800.0,2850.0,2900.0,2950.0,3000.0,3050.0,3100.0,3150.0,3200.0,3250.0,3300.0,3350.0,3400.0,3450.0,3500.0,3550.0,3600.0,3650.0,3700.0,3750.0,3800.0,3850.0,3900.0,3950.0,4000.0,4050.0,4100.0,4150.0,4200.0,4250.0,4300.0,4350.0,4400.0,4450.0,4500.0,4550.0,,,,,,,,,,,,,
129,6234,550.0,750.0,900.0,1000.0,1050.0,1100.0,1200.0,1250.0,1300.0,1350.0,1400.0,1500.0,1550.0,1600.0,1650.0,1700.0,1750.0,1800.0,1850.0,1900.0,1950.0,2000.0,2050.0,2100.0,2150.0,2200.0,2250.0,2300.0,2350.0,2400.0,2450.0,2500.0,2550.0,2600.0,2650.0,2700.0,2750.0,2800.0,2850.0,2900.0,2950.0,3000.0,3050.0,3100.0,3150.0,3200.0,3250.0,3300.0,3350.0,3400.0,3450.0,3500.0,3550.0,3600.0,3650.0,3700.0,3750.0,3800.0,3850.0,3900.0,3950.0,4000.0,4050.0,4100.0,4150.0,4200.0,4250.0,4300.0,4350.0,4400.0,4450.0,4500.0,4550.0,4600.0,4650.0,4700.0,4750.0,4800.0,4850.0,4900.0,4950.0,5000.0,5050.0,5100.0,5150.0,,,,,
130,5255,350.0,650.0,900.0,1000.0,1100.0,1150.0,1200.0,1250.0,1300.0,1350.0,1400.0,1450.0,1500.0,1600.0,1650.0,1700.0,1750.0,1800.0,1850.0,1900.0,1950.0,2000.0,2050.0,2100.0,2150.0,2200.0,2250.0,2300.0,2350.0,2400.0,2450.0,2500.0,2550.0,2600.0,2650.0,2700.0,2750.0,2800.0,2850.0,2900.0,2950.0,3000.0,3050.0,3100.0,3150.0,3200.0,3250.0,3300.0,3350.0,3400.0,3450.0,3500.0,3550.0,3600.0,3650.0,3700.0,3750.0,3800.0,3850.0,3900.0,3950.0,4000.0,4050.0,4100.0,4150.0,4200.0,4250.0,3850.0,3900.0,3950.0,4000.0,4050.0,4100.0,4150.0,4200.0,4250.0,,,,,,,,,,,,,,
131,8240,200.0,400.0,550.0,750.0,900.0,1000.0,1050.0,1150.0,1200.0,1250.0,1350.0,1400.0,1450.0,1500.0,1550.0,1650.0,1700.0,1750.0,1800.0,1850.0,1900.0,1950.0,2000.0,2050.0,2100.0,2150.0,2200.0,2250.0,2300.0,2350.0,2400.0,2450.0,2500.0,2550.0,2600.0,2650.0,2700.0,2750.0,2800.0,2850.0,2900.0,2950.0,3000.0,3050.0,3100.0,3150.0,3200.0,3250.0,3300.0,3350.0,3400.0,3450.0,3500.0,3550.0,3600.0,3650.0,3700.0,3750.0,3800.0,3850.0,3900.0,3950.0,4000.0,4050.0,4100.0,4150.0,4200.0,4250.0,4300.0,4350.0,4400.0,4450.0,4500.0,4550.0,4600.0,4650.0,4700.0,4750.0,4800.0,4850.0,4900.0,4950.0,5000.0,5050.0,5100.0,5150.0,5200.0,5300.0,5350.0,
132,9087,300.0,500.0,700.0,900.0,950.0,1050.0,1100.0,1200.0,1250.0,1300.0,1350.0,1450.0,1500.0,1550.0,1600.0,1650.0,1700.0,1750.0,1800.0,1850.0,1900.0,1950.0,2000.0,2050.0,2100.0,2150.0,2200.0,2250.0,2300.0,2350.0,2400.0,2450.0,2500.0,2550.0,2600.0,2650.0,2700.0,2750.0,2800.0,2850.0,2900.0,2950.0,3000.0,3050.0,3100.0,3150.0,3200.0,3250.0,3300.0,3350.0,3400.0,3450.0,3500.0,3550.0,3600.0,3650.0,3700.0,3750.0,3800.0,3850.0,3900.0,3950.0,4000.0,4050.0,4100.0,4150.0,4200.0,4250.0,4300.0,4350.0,4400.0,4450.0,4500.0,4550.0,4600.0,4650.0,,,,,,,,,,,,,,
133,4910,350.0,650.0,750.0,850.0,950.0,1050.0,1100.0,1200.0,1250.0,1350.0,1400.0,1500.0,1550.0,1600.0,1700.0,1750.0,1800.0,1850.0,1900.0,1950.0,2000.0,2100.0,2150.0,2200.0,2250.0,2300.0,2350.0,2400.0,2450.0,2500.0,2550.0,2600.0,2650.0,2700.0,2750.0,2800.0,2850.0,2900.0,2950.0,3000.0,3050.0,3100.0,3150.0,3200.0,3250.0,3300.0,3350.0,3400.0,3450.0,3500.0,3550.0,3600.0,3650.0,3700.0,3750.0,3800.0,3850.0,3900.0,3950.0,4000.0,4050.0,4100.0,4150.0,4200.0,4250.0,4300.0,4350.0,4400.0,4450.0,4500.0,4550.0,4600.0,4650.0,4700.0,4750.0,4800.0,4850.0,4900.0,4950.0,5000.0,5050.0,5100.0,5150.0,5200.0,5250.0,5300.0,5350.0,5400.0,,
134,4138,200.0,400.0,550.0,700.0,850.0,950.0,1000.0,1050.0,1100.0,1200.0,1250.0,1300.0,1350.0,1400.0,1450.0,1500.0,1550.0,1600.0,1650.0,1700.0,1750.0,1800.0,1850.0,1900.0,1950.0,2000.0,2050.0,2100.0,2150.0,2200.0,2250.0,2300.0,2350.0,2400.0,2450.0,2500.0,2550.0,2600.0,2650.0,2700.0,2750.0,2800.0,2850.0,2900.0,2950.0,3000.0,3050.0,3100.0,3150.0,3200.0,3250.0,3300.0,3350.0,3400.0,3450.0,3500.0,3550.0,3600.0,3650.0,3700.0,3750.0,3800.0,3850.0,3900.0,3950.0,3350.0,3400.0,3450.0,3500.0,3550.0,3600.0,3650.0,3700.0,3750.0,3800.0,3850.0,3900.0,3950.0,3750.0,3800.0,3850.0,3900.0,3950.0,3950.0,,,,,,
135,9673,250.0,450.0,650.0,800.0,850.0,950.0,1000.0,1100.0,1150.0,1250.0,1300.0,1350.0,1400.0,1450.0,1500.0,1600.0,1650.0,1700.0,1750.0,1800.0,1850.0,1900.0,1950.0,2000.0,2050.0,2100.0,2150.0,2200.0,2250.0,2300.0,2350.0,2400.0,2450.0,2500.0,2550.0,2600.0,2650.0,2700.0,2750.0,2800.0,2850.0,2900.0,2950.0,3000.0,3050.0,3100.0,3150.0,3200.0,3250.0,3300.0,3350.0,3400.0,3450.0,3500.0,3550.0,3600.0,3650.0,3700.0,3750.0,3800.0,3850.0,3900.0,3950.0,4000.0,4050.0,4100.0,4150.0,4200.0,4250.0,4300.0,4350.0,4400.0,4450.0,4500.0,4550.0,4600.0,4650.0,4700.0,4750.0,,,,,,,,,,,
136,8361,350.0,650.0,800.0,850.0,950.0,1000.0,1050.0,1150.0,1200.0,1250.0,1300.0,1350.0,1400.0,1450.0,1500.0,1550.0,1600.0,1650.0,1700.0,1750.0,1800.0,1850.0,1900.0,1950.0,2000.0,2050.0,2100.0,2150.0,2200.0,2250.0,2300.0,2350.0,2400.0,2450.0,2500.0,2550.0,2600.0,2650.0,2700.0,2750.0,2800.0,2850.0,2900.0,2950.0,3000.0,3050.0,3100.0,3150.0,3200.0,3250.0,3300.0,3350.0,3400.0,3450.0,3500.0,3550.0,3600.0,3650.0,3700.0,3750.0,3800.0,3850.0,3900.0,3950.0,4000.0,4050.0,4100.0,3650.0,3700.0,3750.0,3800.0,3850.0,3900.0,3950.0,4000.0,4050.0,4100.0,4100.0,,,,,,,,,,,,
137,3727,350.0,700.0,950.0,1100.0,1150.0,1250.0,1300.0,1400.0,1450.0,1550.0,1600.0,1650.0,1700.0,1750.0,1800.0,1900.0,1950.0,2000.0,2050.0,2100.0,2150.0,2200.0,2250.0,2300.0,2350.0,2400.0,2450.0,2500.0,2550.0,2600.0,2650.0,2700.0,2750.0,2800.0,2850.0,2900.0,2950.0,3000.0,3050.0,3100.0,3150.0,3200.0,3250.0,3300.0,3350.0,3400.0,3450.0,3500.0,3550.0,3600.0,3650.0,3700.0,3750.0,3800.0,3850.0,3900.0,3950.0,4000.0,4050.0,4100.0,4150.0,4200.0,4250.0,4300.0,4400.0,4450.0,4500.0,4550.0,4600.0,4650.0,,,,,,,,,,,,,,,,,,,,
138,3656,150.0,250.0,400.0,500.0,650.0,750.0,900.0,1000.0,1150.0,1250.0,1400.0,1500.0,1650.0,1700.0,1750.0,1800.0,1850.0,1900.0,1950.0,2000.0,2050.0,2100.0,2150.0,2200.0,2250.0,2300.0,2350.0,2400.0,2450.0,2500.0,2550.0,2600.0,2650.0,2700.0,2750.0,2800.0,2850.0,2900.0,2950.0,3000.0,3050.0,3100.0,3150.0,3200.0,3250.0,3300.0,3350.0,3400.0,3450.0,3500.0,3550.0,3600.0,3650.0,3700.0,3750.0,3800.0,3850.0,3900.0,,,,,,,,,,,,,,,,,,,,,,,,,,,,,,,,
139,8012,550.0,750.0,,,,,,,,,,,,,,,,,,,,,,,,,,,,,,,,,,,,,,,,,,,,,,,,,,,,,,,,,,,,,,,,,,,,,,,,,,,,,,,,,,,,,,,,
140,4454,400.0,550.0,650.0,700.0,800.0,850.0,950.0,1000.0,1050.0,1150.0,1200.0,1250.0,1300.0,1350.0,1400.0,1450.0,1500.0,1550.0,1600.0,1650.0,1700.0,1750.0,1800.0,1850.0,1900.0,1950.0,2000.0,2050.0,2100.0,2150.0,2200.0,2250.0,2300.0,2350.0,2400.0,2450.0,2500.0,2550.0,2600.0,2650.0,2700.0,2750.0,2800.0,2850.0,2900.0,2950.0,3000.0,3050.0,3100.0,3150.0,3200.0,3250.0,3300.0,3350.0,3400.0,3450.0,3500.0,3550.0,3600.0,3650.0,3700.0,3750.0,3800.0,3850.0,3900.0,3950.0,4000.0,4050.0,4100.0,4150.0,4200.0,4600.0,4650.0,4700.0,4750.0,4800.0,4850.0,4900.0,4950.0,5000.0,5050.0,5100.0,5150.0,5200.0,5250.0,5300.0,5350.0,5400.0,,
141,8230,300.0,600.0,900.0,1150.0,1250.0,1300.0,1400.0,1450.0,1500.0,1600.0,1650.0,1750.0,1800.0,1900.0,1950.0,2000.0,2050.0,2100.0,2150.0,2200.0,2250.0,2300.0,2350.0,2400.0,2450.0,2500.0,2550.0,2600.0,2650.0,2700.0,2750.0,2800.0,2850.0,2900.0,2950.0,3000.0,3050.0,3100.0,3150.0,3200.0,3250.0,3300.0,3350.0,3400.0,3450.0,3500.0,3550.0,3600.0,3650.0,3700.0,3750.0,3800.0,3850.0,3900.0,3950.0,,,,,,,,,,,,,,,,,,,,,,,,,,,,,,,,,,,
142,6902,350.0,550.0,700.0,850.0,950.0,1050.0,1150.0,1250.0,1300.0,1350.0,1400.0,1450.0,1500.0,1550.0,1650.0,1700.0,1750.0,1800.0,1850.0,1900.0,1950.0,2000.0,2050.0,2100.0,2150.0,2200.0,2250.0,2300.0,2350.0,2400.0,2450.0,2500.0,2550.0,2600.0,2650.0,2700.0,2750.0,2800.0,2850.0,2900.0,2950.0,3000.0,3050.0,3100.0,3150.0,3200.0,3250.0,3300.0,3350.0,3400.0,3450.0,3500.0,3550.0,3600.0,3650.0,3700.0,3750.0,3800.0,3850.0,3900.0,3950.0,4000.0,4050.0,4100.0,4150.0,4200.0,4250.0,4300.0,4350.0,4400.0,4450.0,4500.0,4550.0,4600.0,4650.0,4700.0,4750.0,4800.0,4850.0,,,,,,,,,,,
143,6851,700.0,750.0,850.0,900.0,1000.0,1050.0,1150.0,1200.0,1250.0,1350.0,1400.0,1450.0,1500.0,1550.0,1600.0,1650.0,1700.0,1750.0,1800.0,1850.0,1900.0,1950.0,2000.0,2050.0,2100.0,2150.0,2200.0,2250.0,2300.0,2350.0,2400.0,2450.0,2500.0,2550.0,2600.0,2650.0,2700.0,2750.0,2800.0,2850.0,2900.0,2950.0,3000.0,3050.0,3100.0,3150.0,3200.0,3250.0,3300.0,3350.0,3400.0,3450.0,3500.0,3550.0,3600.0,3650.0,3700.0,3750.0,3800.0,3850.0,3900.0,3950.0,4000.0,4050.0,4100.0,4150.0,4200.0,4250.0,4300.0,4350.0,4400.0,4450.0,4500.0,4550.0,4600.0,4650.0,4700.0,4750.0,4800.0,,,,,,,,,,,
144,9051,550.0,650.0,700.0,750.0,850.0,900.0,950.0,1050.0,1100.0,1150.0,1200.0,1300.0,1350.0,1400.0,1450.0,1500.0,1550.0,1600.0,1650.0,1700.0,1750.0,1800.0,1850.0,1900.0,1950.0,2000.0,2050.0,2100.0,2150.0,2200.0,2250.0,2300.0,2350.0,2400.0,2450.0,2500.0,2550.0,2600.0,2650.0,2700.0,2750.0,2800.0,2850.0,2900.0,2950.0,3000.0,3050.0,3100.0,3150.0,3200.0,3250.0,3300.0,3350.0,3400.0,3450.0,3500.0,3550.0,3600.0,3650.0,3700.0,3750.0,3800.0,3850.0,3900.0,3950.0,4000.0,4050.0,4100.0,3550.0,3600.0,3650.0,3700.0,3750.0,3800.0,3850.0,3900.0,3950.0,4000.0,4050.0,4100.0,,,,,,,,,,
145,3129,200.0,350.0,450.0,550.0,650.0,700.0,750.0,800.0,850.0,900.0,1000.0,1050.0,1100.0,1150.0,1200.0,1250.0,1350.0,1400.0,1450.0,1500.0,1550.0,1600.0,1650.0,1700.0,1750.0,1800.0,1850.0,1900.0,1950.0,2000.0,2050.0,2100.0,2150.0,2200.0,2250.0,2300.0,2350.0,2400.0,2450.0,2500.0,2550.0,2600.0,2650.0,2700.0,2750.0,2800.0,2850.0,2900.0,2950.0,3000.0,3050.0,3100.0,3150.0,3200.0,3250.0,3300.0,3350.0,3400.0,3450.0,3500.0,3550.0,3600.0,3650.0,3700.0,3750.0,3800.0,3850.0,3900.0,3950.0,4000.0,4050.0,4100.0,4150.0,4200.0,,,,,,,,,,,,,,,,
146,7208,600.0,1000.0,1050.0,1100.0,1150.0,1200.0,1250.0,1300.0,1350.0,1450.0,1500.0,1550.0,1600.0,1650.0,1700.0,1750.0,1800.0,1850.0,1900.0,1950.0,2000.0,2050.0,2100.0,2150.0,2200.0,2250.0,2300.0,2350.0,2400.0,2450.0,2500.0,2550.0,2600.0,2650.0,2700.0,2750.0,2800.0,2850.0,2900.0,2950.0,3000.0,3050.0,3100.0,3150.0,3200.0,3250.0,3300.0,3350.0,3400.0,3450.0,3500.0,3550.0,3600.0,3650.0,3700.0,3750.0,3800.0,3850.0,3900.0,3950.0,4000.0,4050.0,4100.0,4150.0,4200.0,4250.0,4300.0,4350.0,4400.0,4450.0,4500.0,4550.0,4600.0,4650.0,4700.0,4750.0,4800.0,4850.0,,,,,,,,,,,,
147,4728,650.0,850.0,1000.0,1150.0,1250.0,1350.0,1400.0,1500.0,1550.0,1650.0,1700.0,1750.0,1800.0,1850.0,1950.0,2000.0,2050.0,2100.0,2150.0,2200.0,2250.0,2300.0,2350.0,2400.0,2450.0,2500.0,2550.0,2600.0,2650.0,2700.0,2750.0,2800.0,2850.0,2900.0,2950.0,3000.0,3050.0,3100.0,3150.0,3200.0,3250.0,3300.0,3350.0,3400.0,3450.0,3500.0,3550.0,3600.0,3650.0,3700.0,3750.0,3800.0,3850.0,3900.0,3950.0,4000.0,4050.0,4100.0,4150.0,4200.0,4250.0,4300.0,4350.0,4400.0,4450.0,4500.0,4550.0,4600.0,4650.0,4700.0,4750.0,4800.0,4850.0,4900.0,4950.0,5000.0,5050.0,5100.0,5150.0,5200.0,5250.0,5300.0,5350.0,5400.0,,,,,,
